Rank,Player,Team,GP,Min,PTS,FGM,FGA,FG%,3PM,3PA,3P%,FTM,FTA,FT%,OFF,DEF,TRB,AST,TO,STL,BLK,PF,Year
1,Trae Young,ATL,76,"2,652.0","2,155",711,"1,544",0.46,233,610,0.382,500,553,0.904,50,234,284,737,72,7,303,128,2022
2,DeMar DeRozan,CHI,76,"2,742.9","2,118",774,"1,535",0.504,50,142,0.352,520,593,0.877,56,336,392,374,68,24,181,178,2022
3,Joel Embiid,PHI,68,"2,296.7","2,079",666,"1,334",0.499,93,251,0.371,654,803,0.814,146,650,796,284,77,99,214,181,2022
4,Jayson Tatum,BOS,76,"2,731.0","2,046",708,"1,564",0.453,230,651,0.353,400,469,0.853,85,524,609,334,75,49,217,174,2022
5,Nikola Jokic,DEN,74,"2,475.7","2,004",764,"1,311",0.583,97,288,0.337,379,468,0.81,206,813,"1,019",584,109,63,281,191,2022
6,Giannis Antetokounmpo,MIL,67,"2,204.4","2,002",689,"1,245",0.553,71,242,0.293,553,766,0.722,134,644,778,388,72,91,219,212,2022
7,Luka Doncic,DAL,65,"2,300.8","1,847",641,"1,403",0.457,201,569,0.353,364,489,0.744,56,537,593,568,75,36,292,145,2022
8,Devin Booker,PHX,68,"2,344.8","1,822",662,"1,421",0.466,183,478,0.383,315,363,0.868,45,297,342,329,77,26,162,180,2022
9,Karl-Anthony Towns,MIN,74,"2,475.7","1,818",642,"1,214",0.529,150,366,0.41,384,467,0.822,194,533,727,269,72,83,226,267,2022
10,Donovan Mitchell,UTA,67,"2,265.7","1,733",617,"1,376",0.448,232,654,0.355,267,313,0.853,55,227,282,358,99,12,200,164,2022
11,LeBron James,LAL,56,"2,084.3","1,695",640,"1,221",0.524,161,448,0.359,254,336,0.756,63,396,459,349,73,59,196,121,2022
12,Kevin Durant,BRK,55,"2,047.4","1,643",578,"1,115",0.518,115,300,0.383,372,409,0.91,29,378,407,351,48,52,191,113,2022
13,Zach LaVine,CHI,67,"2,328.0","1,635",565,"1,186",0.476,185,475,0.389,320,375,0.853,22,286,308,303,41,23,171,120,2022
14,Stephen Curry,GSW,64,"2,211.2","1,630",535,"1,224",0.437,285,750,0.38,275,298,0.923,34,301,335,404,85,23,206,130,2022
15,Miles Bridges,CHA,80,"2,837.1","1,613",596,"1,214",0.491,154,465,0.331,267,333,0.802,90,469,559,300,74,67,150,193,2022
16,Ja Morant,MEM,57,"1,888.8","1,564",580,"1,177",0.493,88,256,0.344,316,415,0.761,77,248,325,384,66,22,196,86,2022
17,Jaylen Brown,BOS,66,"2,220.4","1,559",576,"1,217",0.473,166,464,0.358,241,318,0.758,53,351,404,231,70,18,178,163,2022
18,Pascal Siakam,TOR,68,"2,577.9","1,551",596,"1,207",0.494,75,218,0.344,284,379,0.749,128,452,580,360,85,42,181,225,2022
19,Anthony Edwards,MIN,72,"2,466.0","1,533",549,"1,245",0.441,215,602,0.357,220,280,0.786,62,281,343,275,105,46,190,164,2022
20,LaMelo Ball,CHA,75,"2,422.0","1,508",538,"1,254",0.429,220,565,0.389,212,243,0.872,108,393,501,571,119,30,245,237,2022
21,Darius Garland,CLE,68,"2,430.1","1,473",542,"1,173",0.462,174,454,0.383,215,241,0.892,39,185,224,583,89,7,248,115,2022
22,Julius Randle,NYK,72,"2,544.1","1,447",512,"1,246",0.411,120,390,0.308,303,401,0.756,125,591,716,370,53,39,245,205,2022
23,Russell Westbrook,LAL,78,"2,677.9","1,441",548,"1,233",0.444,79,265,0.298,266,399,0.667,110,470,580,550,75,20,295,235,2022
24,Dejounte Murray,SAS,68,"2,366.0","1,438",573,"1,241",0.462,96,294,0.327,196,247,0.794,80,483,563,627,138,23,180,138,2022
25,James Harden,PHI,65,"2,419.7","1,432",407,992,0.41,148,448,0.33,470,536,0.877,55,445,500,667,82,36,284,153,2022
26,Terry Rozier,CHA,73,"2,457.8","1,408",518,"1,167",0.444,222,593,0.374,150,176,0.852,56,259,315,326,93,25,96,119,2022
27,Jordan Poole,GSW,76,"2,283.4","1,405",474,"1,058",0.448,211,580,0.364,246,266,0.925,34,226,260,304,60,23,187,206,2022
28,R.J. Barrett,NYK,70,"2,417.3","1,402",487,"1,194",0.408,138,404,0.342,290,406,0.714,66,342,408,208,43,16,151,142,2022
29,Desmond Bane,MEM,76,"2,266.1","1,384",508,"1,101",0.461,228,523,0.436,140,155,0.903,46,288,334,208,92,29,111,196,2022
30,C.J. McCollum,NOP,62,"2,145.1","1,370",536,"1,164",0.46,182,469,0.388,116,170,0.682,53,216,269,315,70,22,127,121,2022
31,Tyler Herro,MIA,66,"2,151.0","1,367",501,"1,122",0.447,175,439,0.399,190,219,0.868,32,297,329,263,44,8,174,95,2022
32,De'Aaron Fox,SAC,59,"2,083.5","1,367",516,"1,092",0.473,74,249,0.297,261,348,0.75,25,206,231,330,68,25,168,172,2022
33,Khris Middleton,MIL,66,"2,141.4","1,325",452,"1,021",0.443,162,434,0.373,259,291,0.89,41,315,356,358,76,18,190,160,2022
34,Saddiq Bey,DET,82,"2,704.3","1,321",450,"1,136",0.396,211,610,0.346,210,254,0.827,107,334,441,233,73,16,96,128,2022
35,Fred VanVleet,TOR,65,"2,462.0","1,320",442,"1,097",0.403,242,642,0.377,194,222,0.874,44,245,289,434,111,36,170,162,2022
36,Jonas Valanciunas,NOP,74,"2,240.3","1,314",510,938,0.544,57,158,0.361,237,289,0.82,226,617,843,190,41,60,179,247,2022
37,Tyrese Maxey,PHI,75,"2,650.3","1,311",483,995,0.485,132,309,0.427,213,246,0.866,26,214,240,321,55,32,88,156,2022
38,Nikola Vucevic,CHI,73,"2,417.7","1,288",546,"1,154",0.473,104,331,0.314,92,121,0.76,142,662,804,236,70,71,136,181,2022
39,Jalen Brunson,DAL,79,"2,524.0","1,285",506,"1,008",0.502,94,252,0.373,179,213,0.84,43,266,309,377,66,3,124,151,2022
40,"Gary Trent, Jr.",TOR,70,"2,447.9","1,283",450,"1,086",0.414,209,545,0.383,174,204,0.853,26,165,191,141,122,19,73,144,2022
41,Keldon Johnson,SAS,75,"2,391.8","1,278",471,"1,011",0.466,159,399,0.398,177,234,0.756,80,377,457,158,58,14,92,148,2022
42,"Jaren Jackson, Jr.",MEM,78,"2,126.2","1,272",430,"1,036",0.415,128,401,0.319,284,345,0.823,119,335,454,86,73,177,130,272,2022
43,Jordan Clarkson,UTA,79,"2,140.8","1,266",466,"1,113",0.419,190,597,0.318,144,174,0.828,67,206,273,194,66,16,129,149,2022
44,Harrison Barnes,SAC,77,"2,586.8","1,265",391,834,0.469,142,360,0.394,341,413,0.826,82,350,432,186,53,14,118,94,2022
45,Buddy Hield,IND,81,"2,498.7","1,265",446,"1,098",0.406,262,716,0.366,111,127,0.874,66,287,353,229,73,25,153,184,2022
46,Reggie Jackson,LAC,75,"2,336.7","1,263",479,"1,222",0.392,167,512,0.326,138,163,0.847,39,232,271,359,55,15,173,159,2022
47,Tobias Harris,PHI,73,"2,543.2","1,257",493,"1,022",0.482,101,275,0.367,170,202,0.842,77,419,496,252,47,43,116,164,2022
48,Andrew Wiggins,GSW,73,"2,329.5","1,256",475,"1,019",0.466,157,399,0.393,149,235,0.634,85,240,325,161,76,51,111,158,2022
49,Bojan Bogdanovic,UTA,69,"2,131.4","1,248",422,928,0.455,181,468,0.387,223,260,0.858,58,238,296,120,34,1,118,116,2022
50,Jrue Holiday,MIL,67,"2,207.6","1,225",478,954,0.501,132,321,0.411,137,180,0.761,69,232,301,457,108,29,183,133,2022
51,Christian Wood,HOU,68,"2,093.7","1,218",440,878,0.501,131,336,0.39,207,332,0.623,110,576,686,155,54,65,126,171,2022
52,Franz Wagner,ORL,79,"2,429.0","1,197",456,975,0.468,96,271,0.354,189,219,0.863,84,272,356,231,68,34,119,164,2022
53,Tyrese Haliburton,IND,77,"2,694.2","1,181",430,909,0.473,161,389,0.414,160,190,0.842,61,250,311,628,134,49,199,121,2022
54,D'Angelo Russell,MIN,65,"2,076.7","1,176",401,975,0.411,176,518,0.34,198,240,0.825,25,191,216,460,62,22,165,130,2022
55,Domantas Sabonis,SAC,62,"2,135.9","1,171",443,773,0.573,39,125,0.312,246,332,0.741,201,551,752,323,59,27,195,203,2022
56,Mikal Bridges,PHX,82,"2,854.3","1,162",458,858,0.534,115,312,0.369,131,157,0.834,74,273,347,185,96,36,68,150,2022
57,Jalen Green,HOU,67,"2,137.8","1,157",406,954,0.426,157,458,0.343,188,236,0.797,33,193,226,176,44,18,135,103,2022
58,"Kelly Oubre, Jr.",CHA,76,"1,999.1","1,137",410,932,0.44,191,553,0.345,126,189,0.667,79,223,302,84,77,31,67,189,2022
59,Scottie Barnes,TOR,74,"2,617.3","1,134",459,932,0.492,58,193,0.301,158,215,0.735,195,362,557,256,80,55,136,192,2022
60,Kyle Kuzma,WAS,66,"2,204.2","1,130",423,936,0.452,128,375,0.341,156,219,0.712,70,491,561,233,42,57,169,128,2022
61,Aaron Gordon,DEN,75,"2,375.6","1,126",434,834,0.52,87,260,0.335,171,230,0.743,125,314,439,188,44,44,133,148,2022
62,Evan Fournier,NYK,80,"2,358.2","1,125",402,965,0.417,241,619,0.389,80,113,0.708,34,176,210,171,79,20,105,180,2022
63,Cade Cunningham,DET,64,"2,088.2","1,114",429,"1,031",0.416,114,363,0.314,142,168,0.845,58,296,354,356,78,43,234,200,2022
64,Cole Anthony,ORL,65,"2,059.4","1,062",357,912,0.391,132,391,0.338,216,253,0.854,32,316,348,369,46,17,170,171,2022
65,Bobby Portis,MIL,72,"2,028.3","1,052",417,871,0.479,133,338,0.393,85,113,0.752,180,477,657,86,53,51,90,174,2022
66,Malik Monk,LAL,76,"2,138.6","1,048",391,826,0.473,173,442,0.391,93,117,0.795,37,219,256,218,61,29,122,138,2022
67,Will Barton,DEN,71,"2,276.5","1,043",392,896,0.438,157,430,0.365,102,127,0.803,44,296,340,276,55,31,127,114,2022
68,Evan Mobley,CLE,69,"2,331.0","1,034",422,830,0.508,23,92,0.25,167,252,0.663,143,427,570,174,56,115,133,147,2022
69,Rudy Gobert,UTA,66,"2,120.4","1,027",362,508,0.713,0,4,0.0,303,439,0.69,241,727,968,72,45,137,119,176,2022
70,Kentavious Caldwell-Pope,WAS,77,"2,328.8","1,018",361,829,0.435,159,408,0.39,137,154,0.89,41,220,261,145,83,26,97,139,2022
71,Kevin Love,CLE,74,"1,665.1","1,007",327,761,0.43,187,477,0.392,166,198,0.838,87,449,536,160,26,18,98,101,2022
72,Deandre Ayton,PHX,58,"1,712.8",997,442,697,0.634,7,19,0.368,106,142,0.746,149,444,593,84,40,40,91,142,2022
73,Derrick White,BOS,75,"2,198.8",992,337,800,0.421,115,369,0.312,203,235,0.864,38,223,261,366,64,58,119,172,2022
74,Mike Conley,UTA,72,"2,058.2",986,344,791,0.435,169,414,0.408,129,162,0.796,47,170,217,385,96,21,123,142,2022
75,Caris LeVert,CLE,58,"1,780.4",986,379,854,0.444,82,256,0.32,146,193,0.756,43,171,214,248,51,23,108,131,2022
76,Seth Curry,BRK,64,"2,134.4",960,360,739,0.487,158,374,0.422,82,94,0.872,21,179,200,230,53,14,109,148,2022
77,Chris Paul,PHX,65,"2,138.9",958,363,736,0.493,63,199,0.317,169,202,0.837,22,261,283,702,121,20,153,134,2022
78,Malik Beasley,MIN,79,"1,976.2",953,332,850,0.391,240,637,0.377,49,60,0.817,26,201,227,116,43,12,43,88,2022
79,Bogdan Bogdanovic,ATL,63,"1,848.5",950,342,794,0.431,169,459,0.368,97,115,0.843,29,221,250,194,68,14,70,132,2022
80,"Kevin Porter, Jr.",HOU,61,"1,907.3",949,335,808,0.415,155,413,0.375,124,193,0.642,43,224,267,376,69,22,192,156,2022
81,Monte Morris,DEN,75,"2,239.0",945,374,773,0.484,124,314,0.395,73,84,0.869,27,199,226,333,56,14,78,92,2022
82,Alec Burks,NYK,81,"2,317.6",944,285,728,0.391,157,389,0.404,217,264,0.822,47,350,397,239,85,26,91,215,2022
83,Montrezl Harrell,CHA,71,"1,640.5",932,358,555,0.645,4,17,0.235,212,296,0.716,149,282,431,145,29,43,72,137,2022
84,"Wendell Carter, Jr.",ORL,62,"1,851.7",931,359,684,0.525,70,214,0.327,143,207,0.691,139,509,648,171,36,43,117,169,2022
85,Patty Mills,BRK,81,"2,346.1",923,324,794,0.408,227,568,0.4,48,59,0.814,18,138,156,183,51,17,73,112,2022
86,Spencer Dinwiddie,DAL,67,"1,980.5",919,306,735,0.416,112,330,0.339,195,252,0.774,45,234,279,346,44,13,104,150,2022
87,Jae'sean Tate,HOU,78,"2,056.5",919,363,729,0.498,63,202,0.312,130,184,0.707,135,285,420,222,72,41,139,286,2022
88,Carmelo Anthony,LAL,69,"1,793.3",919,319,723,0.441,149,397,0.375,132,159,0.83,62,226,288,68,47,52,59,166,2022
89,Jakob Poeltl,SAS,68,"1,969.1",915,410,663,0.618,1,1,1.0,94,190,0.495,262,372,634,189,45,118,109,212,2022
90,Devonte' Graham,NOP,76,"2,161.6",902,296,815,0.363,192,563,0.341,118,140,0.843,37,140,177,316,71,12,105,95,2022
91,Lauri Markkanen,CLE,61,"1,877.6",900,313,703,0.445,136,380,0.358,138,159,0.868,59,286,345,81,45,30,54,130,2022
92,Kevin Huerter,ATL,74,"2,188.5",892,345,760,0.454,160,411,0.389,42,52,0.808,32,222,254,203,55,26,91,185,2022
93,Immanuel Quickley,NYK,78,"1,802.3",882,284,724,0.392,137,396,0.346,177,201,0.881,31,216,247,275,54,3,99,167,2022
94,Dorian Finney-Smith,DAL,80,"2,643.7",880,326,692,0.471,172,435,0.395,56,83,0.675,122,253,375,150,88,39,80,183,2022
95,Terance Mann,LAC,81,"2,316.7",872,334,690,0.484,76,208,0.365,128,164,0.78,104,321,425,209,55,21,84,178,2022
96,Devin Vassell,SAS,71,"1,936.9",872,326,764,0.427,137,380,0.361,83,99,0.838,44,262,306,136,76,41,58,143,2022
97,Dennis Schroder,HOU,64,"1,837.5",867,312,724,0.431,86,250,0.344,157,184,0.853,34,180,214,296,53,8,143,154,2022
98,Duncan Robinson,MIA,79,"2,042.8",863,290,726,0.399,232,624,0.372,51,61,0.836,24,179,203,129,43,14,60,201,2022
99,Marcus Smart,BOS,71,"2,295.8",861,300,718,0.418,119,360,0.331,142,179,0.793,42,228,270,417,119,18,159,160,2022
100,Davion Mitchell,SAC,75,"2,075.8",861,352,843,0.418,101,320,0.316,56,85,0.659,33,133,166,313,55,24,114,141,2022
101,Lonnie Walker,SAS,70,"1,612.3",849,311,764,0.407,111,353,0.314,116,148,0.784,18,163,181,152,44,19,71,98,2022
102,Kyle Lowry,MIA,63,"2,133.1",844,276,627,0.44,144,382,0.377,148,174,0.851,33,249,282,474,67,17,168,177,2022
103,Luke Kennard,LAC,70,"1,919.2",833,287,639,0.449,190,423,0.449,69,77,0.896,20,209,229,146,42,6,60,101,2022
104,Cameron Johnson,PHX,66,"1,729.9",822,279,607,0.46,166,391,0.425,98,114,0.86,42,231,273,99,57,16,47,113,2022
105,Clint Capela,ATL,74,"2,041.7",820,370,604,0.613,0,1,0.0,80,169,0.473,279,598,877,92,55,93,44,166,2022
106,De'Anthony Melton,MEM,73,"1,656.9",791,281,695,0.404,139,372,0.374,90,120,0.75,64,264,328,194,104,39,112,128,2022
107,Trey Lyles,SAC,75,"1,536.2",786,262,562,0.466,67,209,0.321,195,243,0.802,89,290,379,88,29,32,73,123,2022
108,Ivica Zubac,LAC,76,"1,851.9",785,310,495,0.626,0,0,0.0,165,227,0.727,217,427,644,120,36,77,114,203,2022
109,Jeff Green,DEN,75,"1,849.0",772,277,529,0.524,53,168,0.315,165,198,0.833,41,190,231,96,28,27,71,151,2022
110,Coby White,CHI,61,"1,674.9",772,279,644,0.433,136,353,0.385,78,91,0.857,17,165,182,176,29,11,70,137,2022
111,Danilo Gallinari,ATL,66,"1,672.1",771,259,597,0.434,112,294,0.381,141,156,0.904,35,273,308,101,28,12,38,93,2022
112,Mohamed Bamba,ORL,71,"1,823.8",756,296,617,0.48,107,281,0.381,57,73,0.781,148,424,572,85,38,118,77,182,2022
113,Chris Boucher,TOR,80,"1,690.2",754,268,577,0.464,68,229,0.297,150,193,0.777,179,315,494,25,49,75,42,174,2022
114,Justin Holiday,SAC,74,"2,056.7",749,261,662,0.394,177,482,0.367,50,62,0.806,29,161,190,128,57,33,70,154,2022
115,Darius Bazley,OKC,69,"1,923.9",745,274,649,0.422,80,269,0.297,117,170,0.688,71,365,436,97,58,70,90,68,2022
116,Herb Jones,NOP,78,"2,335.2",742,274,576,0.476,57,169,0.337,137,163,0.84,98,198,296,167,130,60,100,238,2022
117,Grayson Allen,MIL,66,"1,804.7",733,255,569,0.448,159,389,0.409,64,74,0.865,32,190,222,100,46,18,43,96,2022
118,Max Strus,MIA,68,"1,587.0",721,249,564,0.441,181,442,0.41,42,53,0.792,24,178,202,92,28,16,57,116,2022
119,Dwight Powell,DAL,82,"1,798.2",717,269,401,0.671,13,37,0.351,166,212,0.783,173,231,404,97,37,39,64,220,2022
120,Cedi Osman,CLE,66,"1,461.7",709,247,572,0.432,128,359,0.357,87,131,0.664,25,121,146,135,52,10,67,127,2022
121,Al Horford,BOS,69,"2,004.8",701,266,569,0.467,89,265,0.336,80,95,0.842,108,422,530,232,49,92,65,130,2022
122,Georges Niang,PHI,76,"1,736.4",700,246,563,0.437,156,387,0.403,52,59,0.881,25,178,203,102,30,13,59,190,2022
123,Bones Hyland,DEN,69,"1,309.9",698,230,571,0.403,131,358,0.366,107,125,0.856,14,174,188,191,41,20,86,153,2022
124,K.J. Martin,HOU,79,"1,656.3",696,279,523,0.533,60,168,0.357,78,123,0.634,80,217,297,101,34,40,60,113,2022
125,Alperen Sengun,HOU,72,"1,489.3",692,249,525,0.474,29,117,0.248,165,232,0.711,138,255,393,185,59,68,145,214,2022
126,Nickeil Alexander-Walker,UTA,65,"1,465.8",692,253,680,0.372,105,338,0.311,81,109,0.743,37,150,187,156,46,23,93,103,2022
127,Deni Avdija,WAS,82,"1,984.0",685,250,579,0.432,82,259,0.317,103,136,0.757,52,373,425,167,59,44,87,190,2022
128,JaVale McGee,PHX,74,"1,171.8",680,288,458,0.629,2,9,0.222,102,146,0.699,163,333,496,42,22,81,98,181,2022
129,Ayo Dosunmu,CHI,77,"2,109.6",679,278,535,0.52,70,186,0.376,53,78,0.679,27,187,214,256,60,29,108,182,2022
130,Gary Harris,ORL,61,"1,730.2",679,240,553,0.434,116,302,0.384,83,95,0.874,36,86,122,108,59,9,61,112,2022
131,Daniel Gafford,WAS,72,"1,444.1",677,285,411,0.693,0,1,0.0,107,153,0.699,155,252,407,68,30,99,65,170,2022
132,P.J. Washington,CHA,65,"1,768.0",668,250,532,0.47,110,301,0.365,58,81,0.716,82,255,337,147,57,61,82,152,2022
133,Brandon Clarke,MEM,64,"1,246.0",666,288,447,0.644,5,22,0.227,85,130,0.654,135,207,342,86,39,68,34,122,2022
134,Josh Richardson,SAS,65,"1,599.7",666,234,534,0.438,102,246,0.415,96,108,0.889,42,143,185,115,56,29,66,116,2022
135,Precious Achiuwa,TOR,73,"1,724.7",664,265,603,0.439,56,156,0.359,78,131,0.595,146,327,473,82,37,41,84,151,2022
136,Bryn Forbes,DEN,75,"1,285.8",663,231,539,0.429,122,295,0.414,79,87,0.908,10,83,93,75,25,5,56,95,2022
137,Ben McLemore,POR,64,"1,284.9",655,216,539,0.401,151,417,0.362,72,88,0.818,12,91,103,59,38,10,55,103,2022
138,Jaxson Hayes,NOP,70,"1,397.6",654,245,398,0.616,20,57,0.351,144,188,0.766,115,200,315,43,33,55,54,155,2022
139,Jonathan Kuminga,GSW,70,"1,184.7",652,236,460,0.513,50,149,0.336,130,190,0.684,54,180,234,64,31,22,74,146,2022
140,Garrison Mathews,HOU,65,"1,711.8",650,184,461,0.399,139,386,0.36,143,180,0.794,32,158,190,64,57,24,41,168,2022
141,Obi Toppin,NYK,72,"1,229.6",648,251,473,0.531,52,169,0.308,94,124,0.758,69,199,268,77,25,33,56,102,2022
142,"Bruce Brown, Jr.",BRK,72,"1,773.8",647,256,506,0.506,38,94,0.404,97,128,0.758,100,245,345,148,77,52,56,176,2022
143,Jaden McDaniels,MIN,70,"1,802.7",647,255,554,0.46,80,252,0.317,57,71,0.803,76,217,293,79,52,54,75,224,2022
144,Pat Connaughton,MIL,65,"1,690.8",645,227,496,0.458,146,370,0.395,45,54,0.833,45,228,273,82,59,15,35,86,2022
145,Naz Reid,MIN,77,"1,215.1",637,233,476,0.489,57,166,0.343,114,149,0.765,102,199,301,71,40,71,82,172,2022
146,Hamidou Diallo,DET,58,"1,268.8",636,261,526,0.496,23,93,0.247,91,140,0.65,69,208,277,73,71,17,58,143,2022
147,Corey Kispert,WAS,77,"1,801.1",634,234,514,0.455,112,320,0.35,54,62,0.871,53,156,209,85,35,22,50,93,2022
148,Tyus Jones,MEM,73,"1,549.5",632,249,552,0.451,80,205,0.39,54,66,0.818,17,159,176,324,66,2,46,32,2022
149,Jae Crowder,PHX,67,"1,885.8",632,217,544,0.399,127,365,0.348,71,90,0.789,30,324,354,124,95,30,55,173,2022
150,Terrence Ross,ORL,63,"1,448.1",629,220,554,0.397,77,264,0.292,112,130,0.862,20,141,161,116,28,12,75,68,2022
151,Cameron Payne,PHX,58,"1,277.6",626,240,587,0.409,71,211,0.336,75,89,0.843,24,151,175,282,40,17,103,119,2022
152,Tre Mann,OKC,60,"1,367.0",625,231,588,0.393,98,272,0.36,65,82,0.793,25,146,171,91,47,12,71,102,2022
153,Amir Coffey,LAC,69,"1,567.3",619,211,466,0.453,96,254,0.378,101,117,0.863,26,171,197,124,38,15,45,87,2022
154,Oshae Brissett,IND,67,"1,564.1",613,208,506,0.411,83,237,0.35,114,164,0.695,108,250,358,72,44,29,54,116,2022
155,Mitchell Robinson,NYK,72,"1,848.5",610,261,343,0.761,0,0,0.0,88,181,0.486,295,322,617,38,58,133,60,195,2022
156,Robert Williams,BOS,61,"1,804.4",607,271,368,0.736,0,1,0.0,65,90,0.722,238,350,588,121,56,134,63,137,2022
157,Chuma Okeke,ORL,70,"1,748.8",605,216,575,0.376,118,371,0.318,55,65,0.846,47,300,347,118,97,42,57,95,2022
158,Robert Covington,LAC,71,"1,939.4",604,209,498,0.42,128,339,0.378,58,69,0.841,59,332,391,92,103,91,75,190,2022
159,Grant Williams,BOS,77,"1,875.1",602,205,432,0.475,106,258,0.411,86,95,0.905,64,210,274,78,38,57,62,186,2022
160,Talen Horton-Tucker,LAL,60,"1,511.0",597,224,538,0.416,49,182,0.269,100,125,0.8,37,156,193,159,59,29,82,148,2022
161,Gabe Vincent,MIA,68,"1,588.8",591,214,513,0.417,119,323,0.368,44,54,0.815,22,104,126,210,62,12,98,158,2022
162,Isaiah Stewart II,DET,71,"1,815.6",589,250,490,0.51,15,46,0.326,74,103,0.718,226,391,617,82,22,78,85,211,2022
163,Isaac Okoro,CLE,67,"1,980.8",588,207,431,0.48,55,157,0.35,119,155,0.768,72,129,201,121,56,22,58,164,2022
164,Josh Christopher,HOU,74,"1,333.7",587,224,500,0.448,56,189,0.296,83,113,0.735,52,134,186,150,65,13,114,97,2022
165,Reggie Bullock,DAL,68,"1,901.8",583,201,501,0.401,141,392,0.36,40,48,0.833,33,208,241,83,41,14,40,111,2022
166,Andre Drummond,BRK,73,"1,436.9",580,247,433,0.57,0,3,0.0,86,164,0.524,229,451,680,131,78,68,115,192,2022
167,Landry Shamet,PHX,69,"1,437.3",573,191,485,0.394,123,334,0.368,68,81,0.84,16,110,126,108,28,9,41,92,2022
168,Royce O'Neale,UTA,77,"2,405.6",570,203,444,0.457,119,306,0.389,45,56,0.804,64,304,368,191,86,32,79,183,2022
169,Cam Thomas,BRK,67,"1,176.1",570,218,503,0.433,47,174,0.27,87,105,0.829,16,145,161,78,33,8,55,66,2022
170,Moe Wagner,ORL,63,959.5,564,197,396,0.497,66,201,0.328,104,129,0.806,42,190,232,87,20,13,56,123,2022
171,Isaiah Hartenstein,LAC,68,"1,215.8",563,229,366,0.626,14,30,0.467,91,132,0.689,117,215,332,160,50,77,84,167,2022
172,Caleb Martin,MIA,60,"1,372.1",551,208,410,0.507,64,155,0.413,71,93,0.763,70,160,230,64,58,30,52,104,2022
173,Drew Eubanks,POR,71,"1,244.6",546,221,371,0.596,5,23,0.217,99,130,0.762,130,252,382,85,31,40,81,122,2022
174,Cody Martin,CHA,71,"1,865.7",544,204,423,0.482,61,159,0.384,75,107,0.701,82,203,285,179,88,32,61,116,2022
175,P.J. Tucker,MIA,71,"1,980.9",539,207,428,0.484,80,193,0.415,45,61,0.738,100,287,387,149,58,15,66,161,2022
176,Hassan Whiteside,UTA,65,"1,162.3",534,215,330,0.652,0,0,0.0,104,167,0.623,166,328,494,26,22,103,53,179,2022
177,Chimezie Metu,SAC,60,"1,278.7",534,203,449,0.452,57,186,0.306,71,91,0.78,34,301,335,60,51,32,61,93,2022
178,Patrick Beverley,MIN,58,"1,475.7",533,177,436,0.406,83,242,0.343,96,133,0.722,62,178,240,268,67,52,73,174,2022
179,Steven Adams,MEM,76,"1,998.7",528,210,384,0.547,0,1,0.0,108,199,0.543,349,411,760,256,65,60,115,153,2022
180,Jaylen Nowell,MIN,62,974.8,527,196,413,0.475,63,160,0.394,72,92,0.783,22,101,123,130,27,10,36,73,2022
181,Raulzinho Neto,WAS,70,"1,372.0",526,204,441,0.463,35,120,0.292,83,108,0.769,13,121,134,217,55,3,79,104,2022
182,Kyle Anderson,MEM,69,"1,483.7",521,209,469,0.446,36,109,0.33,67,105,0.638,69,299,368,183,77,45,71,108,2022
183,Cory Joseph,DET,65,"1,599.8",521,178,400,0.445,65,157,0.414,100,113,0.885,29,145,174,237,42,17,85,147,2022
184,Torrey Craig,PHX,78,"1,595.9",516,200,441,0.454,77,234,0.329,39,52,0.75,86,224,310,91,46,36,67,151,2022
185,Otto Porter,GSW,63,"1,395.6",515,193,416,0.464,80,216,0.37,49,61,0.803,86,276,362,94,68,29,37,83,2022
186,Jarred Vanderbilt,MIN,74,"1,880.5",512,212,361,0.587,2,14,0.143,86,131,0.656,215,409,624,94,99,46,73,181,2022
187,Furkan Korkmaz,PHI,67,"1,413.7",509,182,470,0.387,77,266,0.289,68,84,0.81,22,153,175,127,33,9,48,58,2022
188,Gary Payton II,GSW,71,"1,247.6",502,212,344,0.616,43,120,0.358,35,58,0.603,72,175,247,64,96,22,40,131,2022
189,Taurean Prince,MIN,69,"1,176.6",502,177,390,0.454,86,229,0.376,62,82,0.756,26,148,174,68,47,23,53,116,2022
190,Ziaire Williams,MEM,62,"1,346.4",501,191,424,0.45,76,242,0.314,43,55,0.782,26,103,129,65,35,12,41,113,2022
191,Kevon Looney,GSW,82,"1,732.3",491,208,364,0.571,0,1,0.0,75,125,0.6,208,388,596,165,50,52,67,215,2022
192,Nicolas Batum,LAC,59,"1,462.5",491,179,387,0.463,108,270,0.4,25,38,0.658,29,225,254,100,58,42,40,80,2022
193,R.J. Hampton,ORL,64,"1,402.3",489,175,457,0.383,64,183,0.35,75,117,0.641,23,171,194,158,42,13,87,101,2022
194,Jordan Nwora,MIL,62,"1,185.2",487,186,462,0.403,79,227,0.348,36,43,0.837,37,184,221,59,25,17,57,78,2022
195,Mason Plumlee,CHA,73,"1,792.6",477,205,320,0.641,0,2,0.0,67,171,0.392,176,389,565,226,61,52,100,224,2022
196,Javonte Green,CHI,65,"1,519.1",468,176,325,0.542,36,101,0.356,80,96,0.833,91,185,276,60,67,32,30,132,2022
197,Damion Lee,GSW,63,"1,256.5",467,169,383,0.441,63,187,0.337,66,75,0.88,27,176,203,63,39,6,38,95,2022
198,Aleksej Pokusevski,OKC,61,"1,232.8",464,186,456,0.408,57,197,0.289,35,50,0.7,73,245,318,131,39,38,94,88,2022
199,Killian Hayes,DET,66,"1,647.0",453,176,459,0.383,44,167,0.263,57,74,0.77,36,174,210,277,78,35,111,183,2022
200,Austin Reaves,LAL,61,"1,417.5",444,146,318,0.459,53,167,0.317,99,118,0.839,45,148,193,110,29,20,40,87,2022
201,Payton Pritchard,BOS,71,"1,001.0",442,160,373,0.429,101,245,0.412,21,21,1.0,32,102,134,139,25,6,41,61,2022
202,Nemanja Bjelica,GSW,71,"1,142.6",433,160,342,0.468,54,149,0.362,59,81,0.728,62,232,294,159,41,26,87,128,2022
203,JaMychal Green,DEN,67,"1,085.4",432,159,327,0.486,33,124,0.266,81,93,0.871,81,200,281,59,43,26,57,158,2022
204,Dewayne Dedmon,MIA,67,"1,065.2",422,164,290,0.566,19,47,0.404,75,100,0.75,105,281,386,47,24,42,70,174,2022
205,Tre Jones,SAS,69,"1,148.2",413,166,339,0.49,10,51,0.196,71,91,0.78,29,126,155,233,42,7,46,78,2022
206,Maxi Kleber,DAL,59,"1,449.8",411,141,354,0.398,83,255,0.325,46,65,0.708,70,280,350,68,30,58,47,137,2022
207,Ish Smith,WAS,65,"1,126.1",410,185,430,0.43,25,67,0.373,15,24,0.625,25,115,140,244,47,23,78,78,2022
208,Austin Rivers,DEN,67,"1,479.8",403,146,350,0.417,79,231,0.342,32,44,0.727,19,95,114,90,51,6,54,121,2022
209,Aaron Holiday,PHX,63,"1,020.7",400,151,338,0.447,39,103,0.379,59,68,0.868,24,98,122,153,42,9,67,92,2022
210,Avery Bradley,LAL,62,"1,405.8",394,148,350,0.423,82,210,0.39,16,18,0.889,31,105,136,47,53,9,38,118,2022
211,Lamar Stevens,CLE,63,"1,014.8",383,156,319,0.489,18,65,0.277,53,75,0.707,47,117,164,44,31,18,41,106,2022
212,Matisse Thybulle,PHI,66,"1,685.4",379,150,300,0.5,45,144,0.313,34,43,0.791,42,109,151,75,115,71,39,158,2022
213,Dwight Howard,LAL,60,970.8,372,134,219,0.612,8,15,0.533,96,146,0.658,118,238,356,35,34,36,47,115,2022
214,Danny Green,PHI,62,"1,353.3",366,126,320,0.394,103,271,0.38,11,14,0.786,32,125,157,64,60,37,45,105,2022
215,John Konchar,MEM,72,"1,291.6",349,135,262,0.515,52,126,0.413,27,49,0.551,87,242,329,109,45,22,29,90,2022
216,Delon Wright,ATL,77,"1,452.4",342,122,269,0.454,44,116,0.379,54,63,0.857,50,170,220,188,93,19,45,56,2022
217,James Johnson,BRK,62,"1,191.3",340,144,307,0.469,23,85,0.271,29,55,0.527,51,164,215,130,30,34,48,162,2022
218,C.J. Elleby,POR,58,"1,174.4",339,121,308,0.393,37,126,0.294,60,84,0.714,66,161,227,87,35,19,56,116,2022
219,Keita Bates-Diop,SAS,59,956.5,335,136,263,0.517,17,55,0.309,46,61,0.754,62,169,231,41,27,14,45,61,2022
220,Trey Murphy III,NOP,62,863.6,334,109,277,0.394,71,186,0.382,45,51,0.882,47,100,147,38,23,7,16,60,2022
221,Eric Paschall,UTA,58,736.5,334,114,235,0.485,40,108,0.37,66,86,0.767,30,76,106,36,9,5,27,51,2022
222,Facundo Campazzo,DEN,65,"1,184.0",332,107,296,0.361,58,193,0.301,60,78,0.769,23,94,117,220,63,23,67,124,2022
223,Josh Green,DAL,67,"1,039.0",319,130,256,0.508,28,78,0.359,31,45,0.689,52,109,161,79,45,14,44,115,2022
224,Garrett Temple,NOP,59,"1,098.3",309,111,295,0.376,59,185,0.319,28,41,0.683,29,114,143,74,43,23,42,81,2022
225,Juan Toscano-Anderson,GSW,73,994.0,298,115,235,0.489,28,87,0.322,40,70,0.571,28,148,176,127,48,17,68,115,2022
226,"Troy Brown, Jr.",CHI,66,"1,054.7",283,108,258,0.419,47,133,0.353,20,26,0.769,39,164,203,66,36,5,26,62,2022
227,Jevon Carter,MIL,66,905.1,277,98,253,0.387,66,170,0.388,15,18,0.833,14,96,110,96,24,14,34,67,2022
228,Frank Ntilikina,DAL,58,684.6,240,89,223,0.399,38,111,0.342,24,25,0.96,12,67,79,69,27,7,31,61,2022
229,Jordan McLaughlin,MIN,62,901.6,233,88,200,0.44,27,85,0.318,30,40,0.75,22,72,94,180,57,10,38,54,2022
230,Dalano Banton,TOR,64,695.7,205,83,202,0.411,13,51,0.255,26,44,0.591,38,86,124,99,28,10,53,68,2022
231,Trent Forrest,UTA,60,765.5,195,76,155,0.49,5,27,0.185,38,48,0.792,23,76,99,106,30,6,48,43,2022
1,Jayson Tatum,BOS,74,"2,732.3","2,225",727,"1,559",0.466,240,686,0.35,531,622,0.854,78,571,649,342,78,51,213,160,2023
2,Joel Embiid,PHI,66,"2,284.3","2,183",728,"1,328",0.548,66,200,0.33,661,771,0.857,113,557,670,274,66,112,226,205,2023
3,Luka Doncic,DAL,66,"2,390.6","2,138",719,"1,449",0.496,185,541,0.342,515,694,0.742,54,515,569,529,90,33,236,166,2023
4,Shai Gilgeous-Alexander,OKC,68,"2,416.1","2,135",704,"1,381",0.51,58,168,0.345,669,739,0.905,59,270,329,371,112,65,192,192,2023
5,Giannis Antetokounmpo,MIL,63,"2,023.7","1,959",707,"1,278",0.553,47,171,0.275,498,772,0.645,137,605,742,359,52,51,246,197,2023
6,Anthony Edwards,MIN,79,"2,841.3","1,946",707,"1,541",0.459,213,578,0.369,319,422,0.756,47,411,458,350,125,58,259,186,2023
7,Julius Randle,NYK,77,"2,737.4","1,936",658,"1,432",0.459,218,636,0.343,402,531,0.757,141,626,767,316,49,21,216,233,2023
8,Donovan Mitchell,CLE,68,"2,432.3","1,922",679,"1,402",0.484,245,635,0.386,319,368,0.867,63,226,289,301,99,27,180,168,2023
9,Trae Young,ATL,73,"2,540.9","1,914",597,"1,390",0.429,154,460,0.335,566,639,0.886,56,161,217,741,80,9,300,104,2023
10,Zach LaVine,CHI,77,"2,768.5","1,913",673,"1,388",0.485,204,544,0.375,363,428,0.848,42,303,345,327,69,18,194,159,2023
11,Damian Lillard,POR,58,"2,106.6","1,866",556,"1,202",0.463,244,658,0.371,510,558,0.914,44,233,277,425,50,18,191,109,2023
12,De'Aaron Fox,SAC,73,"2,435.4","1,826",682,"1,331",0.512,119,367,0.324,343,440,0.78,40,266,306,447,83,23,181,172,2023
13,DeMar DeRozan,CHI,74,"2,681.2","1,816",657,"1,303",0.504,46,142,0.324,456,523,0.872,34,309,343,377,83,36,153,186,2023
14,Jaylen Brown,BOS,67,"2,405.0","1,784",679,"1,383",0.491,163,487,0.335,263,344,0.765,78,381,459,232,75,26,197,172,2023
15,Pascal Siakam,TOR,71,"2,652.2","1,720",630,"1,313",0.48,93,287,0.324,367,474,0.774,131,425,556,415,65,36,169,228,2023
16,Lauri Markkanen,UTA,66,"2,272.6","1,691",571,"1,145",0.499,200,511,0.391,349,399,0.875,130,440,570,123,42,38,127,137,2023
17,Nikola Jokic,DEN,69,"2,324.0","1,690",646,"1,022",0.632,57,149,0.383,341,415,0.822,167,650,817,678,87,47,247,174,2023
18,Jalen Green,HOU,76,"2,602.3","1,683",566,"1,359",0.416,187,554,0.338,364,463,0.786,43,241,284,281,59,18,200,131,2023
19,Jordan Poole,GSW,82,"2,458.3","1,675",550,"1,278",0.43,214,637,0.336,361,415,0.87,32,193,225,369,63,21,252,214,2023
20,Mikal Bridges,BRK,83,"2,963.7","1,671",593,"1,267",0.468,169,442,0.382,316,353,0.895,79,285,364,273,91,61,127,159,2023
21,Stephen Curry,GSW,56,"1,941.5","1,648",559,"1,133",0.493,273,639,0.427,257,281,0.915,39,302,341,352,52,20,179,117,2023
22,Jalen Brunson,NYK,68,"2,378.5","1,633",587,"1,195",0.491,134,322,0.416,325,392,0.829,40,201,241,421,61,15,142,152,2023
23,Kyrie Irving,DAL,60,"2,240.6","1,623",594,"1,203",0.494,188,496,0.379,247,273,0.905,59,245,304,331,66,45,128,165,2023
24,Ja Morant,MEM,61,"1,948.4","1,596",566,"1,214",0.466,92,300,0.307,372,497,0.748,61,296,357,493,66,16,206,100,2023
25,LeBron James,LAL,55,"1,954.2","1,590",609,"1,219",0.5,121,377,0.321,251,327,0.768,65,392,457,375,50,32,178,88,2023
26,C.J. McCollum,NOP,75,"2,648.9","1,568",587,"1,344",0.437,211,543,0.389,183,238,0.769,55,273,328,429,70,38,183,153,2023
27,Bam Adebayo,MIA,75,"2,598.2","1,529",602,"1,114",0.54,1,12,0.083,324,402,0.806,184,504,688,240,88,61,187,208,2023
28,Dejounte Murray,ATL,74,"2,693.4","1,515",612,"1,319",0.464,133,387,0.344,158,190,0.832,53,336,389,448,112,19,160,106,2023
29,Domantas Sabonis,SAC,79,"2,735.7","1,510",577,938,0.615,31,83,0.373,325,438,0.742,251,722,973,573,65,39,230,279,2023
30,Klay Thompson,GSW,69,"2,278.9","1,509",546,"1,252",0.436,301,731,0.412,116,132,0.879,39,247,286,163,49,29,123,130,2023
31,Kristaps Porzingis,WAS,65,"2,119.7","1,505",507,"1,018",0.498,137,356,0.385,354,416,0.851,114,432,546,174,58,100,137,196,2023
32,Darius Garland,CLE,69,"2,447.8","1,490",522,"1,129",0.462,169,412,0.41,277,321,0.863,28,157,185,538,85,9,199,148,2023
33,Franz Wagner,ORL,80,"2,609.3","1,485",542,"1,118",0.485,130,360,0.361,271,322,0.842,70,259,329,283,77,17,167,183,2023
34,Devin Booker,PHX,53,"1,835.5","1,471",527,"1,067",0.494,111,316,0.351,306,358,0.855,46,194,240,293,51,18,145,159,2023
35,Jimmy Butler,MIA,64,"2,138.5","1,466",479,888,0.539,36,103,0.35,472,555,0.85,141,234,375,340,117,21,101,80,2023
36,Anthony Davis,LAL,56,"1,904.6","1,451",542,962,0.563,19,74,0.257,348,444,0.784,195,507,702,148,59,114,122,146,2023
37,Nikola Vucevic,CHI,82,"2,746.1","1,447",597,"1,148",0.52,121,347,0.349,132,158,0.835,159,744,903,265,60,57,139,179,2023
38,Paolo Banchero,ORL,72,"2,429.8","1,437",479,"1,122",0.427,85,285,0.298,394,534,0.738,84,413,497,269,60,39,200,160,2023
39,R.J. Barrett,NYK,73,"2,475.5","1,431",510,"1,176",0.434,121,390,0.31,290,392,0.74,60,308,368,201,31,15,164,179,2023
40,Keldon Johnson,SAS,63,"2,063.0","1,385",503,"1,113",0.452,134,407,0.329,245,327,0.749,56,262,318,183,46,11,134,125,2023
41,Spencer Dinwiddie,BRK,79,"2,725.2","1,369",460,"1,050",0.438,181,490,0.369,268,330,0.812,28,242,270,515,67,24,145,187,2023
42,Kevin Durant,PHX,47,"1,671.7","1,366",483,862,0.56,93,230,0.404,307,334,0.919,17,296,313,235,34,67,156,99,2023
43,Kyle Kuzma,WAS,64,"2,238.8","1,357",512,"1,142",0.448,160,481,0.333,173,237,0.73,55,408,463,239,36,29,190,145,2023
44,Tyler Herro,MIA,67,"2,336.2","1,347",487,"1,109",0.439,203,537,0.378,170,182,0.934,27,333,360,280,51,16,158,101,2023
45,Buddy Hield,IND,80,"2,482.0","1,344",475,"1,038",0.458,288,677,0.425,106,129,0.822,67,333,400,225,92,26,139,156,2023
46,Fred VanVleet,TOR,69,"2,534.7","1,335",437,"1,112",0.393,207,606,0.342,254,283,0.898,30,250,280,495,123,38,140,193,2023
47,Terry Rozier,CHA,63,"2,221.0","1,329",493,"1,188",0.415,165,505,0.327,178,220,0.809,51,208,259,319,74,16,134,119,2023
48,Anfernee Simons,POR,62,"2,170.7","1,306",467,"1,045",0.447,212,562,0.377,160,179,0.894,18,143,161,253,42,14,128,142,2023
49,Bennedict Mathurin,IND,78,"2,222.6","1,302",413,951,0.434,100,310,0.323,376,454,0.828,87,231,318,116,48,13,152,162,2023
50,Jamal Murray,DEN,65,"2,133.4","1,298",473,"1,041",0.454,172,432,0.398,180,216,0.833,48,209,257,400,66,16,145,103,2023
51,Jrue Holiday,MIL,67,"2,182.6","1,290",490,"1,023",0.479,158,411,0.384,152,177,0.859,79,262,341,495,79,25,197,116,2023
52,Jerami Grant,POR,63,"2,245.6","1,290",434,913,0.475,144,359,0.401,278,342,0.813,53,230,283,150,51,53,116,152,2023
53,Evan Mobley,CLE,79,"2,715.2","1,277",525,947,0.554,22,102,0.216,205,304,0.674,187,524,711,224,60,119,146,218,2023
54,Bojan Bogdanovic,DET,59,"1,892.9","1,273",430,882,0.488,145,353,0.411,268,303,0.884,36,187,223,152,34,8,135,113,2023
55,Jordan Clarkson,UTA,61,"1,988.3","1,271",458,"1,031",0.444,155,459,0.338,200,245,0.816,72,174,246,270,33,13,186,120,2023
56,D'Angelo Russell,LAL,71,"2,304.5","1,263",445,948,0.469,194,490,0.396,179,216,0.829,35,180,215,437,70,29,186,140,2023
57,Josh Giddey,OKC,76,"2,367.2","1,260",539,"1,118",0.482,76,234,0.325,106,145,0.731,148,451,599,469,57,31,211,143,2023
58,Desmond Bane,MEM,58,"1,841.5","1,247",450,939,0.479,166,407,0.408,181,205,0.883,43,248,291,254,56,22,126,150,2023
59,Brook Lopez,MIL,78,"2,372.5","1,239",477,899,0.531,136,364,0.374,149,190,0.784,157,363,520,99,37,193,107,203,2023
60,Harrison Barnes,SAC,82,"2,661.8","1,230",374,791,0.473,132,353,0.374,350,413,0.847,87,279,366,128,57,10,86,103,2023
61,Tyrese Maxey,PHI,60,"2,016.7","1,218",439,913,0.481,160,369,0.434,180,213,0.845,23,153,176,212,49,8,80,132,2023
62,James Harden,PHI,58,"2,135.1","1,216",371,842,0.441,161,418,0.385,313,361,0.867,40,314,354,618,71,31,195,112,2023
63,Immanuel Quickley,NYK,81,"2,344.0","1,209",419,936,0.448,168,454,0.37,203,248,0.819,58,279,337,279,80,14,100,166,2023
64,Jaden Ivey,DET,74,"2,304.4","1,204",409,983,0.416,120,350,0.343,266,356,0.747,73,215,288,387,61,17,237,242,2023
65,Deandre Ayton,PHX,67,"2,035.5","1,203",522,887,0.589,7,24,0.292,152,200,0.76,172,495,667,115,37,53,120,190,2023
66,Scottie Barnes,TOR,77,"2,677.9","1,179",463,"1,016",0.456,63,224,0.281,190,246,0.772,179,333,512,371,83,61,154,170,2023
67,"Jaren Jackson, Jr.",MEM,63,"1,788.2","1,173",416,822,0.506,100,282,0.355,241,306,0.788,108,318,426,60,65,189,107,227,2023
68,Russell Westbrook,LAC,73,"2,125.6","1,159",432,991,0.436,89,286,0.311,206,314,0.656,89,334,423,551,76,33,255,162,2023
69,Trey Murphy III,NOP,79,"2,448.0","1,148",387,800,0.484,202,497,0.406,172,190,0.905,59,222,281,112,89,43,61,155,2023
70,"Gary Trent, Jr.",TOR,66,"2,117.9","1,148",405,935,0.433,166,450,0.369,172,205,0.839,30,143,173,106,104,14,55,102,2023
71,P.J. Washington,CHA,73,"2,379.6","1,144",434,978,0.444,149,428,0.348,127,174,0.73,73,285,358,175,66,79,110,193,2023
72,Kevin Huerter,SAC,75,"2,202.7","1,140",420,866,0.485,205,510,0.402,95,131,0.725,42,209,251,221,80,24,97,181,2023
73,"Kevin Porter, Jr.",HOU,59,"2,024.6","1,130",391,884,0.442,141,385,0.366,207,264,0.784,76,238,314,338,82,17,188,156,2023
74,OG Anunoby,TOR,67,"2,385.7","1,124",421,885,0.476,142,367,0.387,140,167,0.838,95,237,332,131,128,50,132,200,2023
75,Jonas Valanciunas,NOP,79,"1,968.2","1,115",446,816,0.547,38,109,0.349,185,224,0.826,225,579,804,140,20,52,159,245,2023
76,Christian Wood,DAL,67,"1,738.6","1,114",396,769,0.515,105,279,0.376,217,281,0.772,87,404,491,121,30,72,121,169,2023
77,Myles Turner,IND,62,"1,825.2","1,113",402,733,0.548,93,249,0.373,216,276,0.783,88,378,466,89,36,140,103,215,2023
78,Alperen Sengun,HOU,75,"2,171.2","1,109",442,799,0.553,19,57,0.333,206,288,0.715,242,436,678,291,70,70,193,258,2023
79,Aaron Gordon,DEN,68,"2,055.1","1,109",429,761,0.564,60,173,0.347,191,314,0.608,164,282,446,203,54,51,98,129,2023
80,Tobias Harris,PHI,74,"2,435.9","1,085",423,845,0.501,126,324,0.389,113,129,0.876,67,357,424,186,68,40,89,149,2023
81,"Michael Porter, Jr.",DEN,62,"1,797.4","1,080",398,817,0.487,188,454,0.414,96,120,0.8,64,277,341,65,37,29,68,119,2023
82,Saddiq Bey,ATL,77,"2,128.6","1,062",353,836,0.422,151,418,0.361,205,238,0.861,98,264,362,118,70,13,71,123,2023
83,Jalen Williams,OKC,75,"2,275.6","1,056",414,794,0.521,73,205,0.356,155,191,0.812,84,253,337,248,103,35,123,191,2023
84,Dillon Brooks,MEM,73,"2,214.3","1,047",392,991,0.396,143,439,0.326,120,154,0.779,45,199,244,189,65,16,104,240,2023
85,Malik Monk,SAC,77,"1,719.1","1,041",357,796,0.448,143,398,0.359,184,207,0.889,32,171,203,298,49,20,146,125,2023
86,K.J. Martin,HOU,82,"2,292.1","1,039",410,720,0.569,68,216,0.315,151,222,0.68,126,326,452,123,41,30,91,147,2023
87,De'Andre Hunter,ATL,67,"2,125.7","1,029",379,822,0.461,100,286,0.35,171,207,0.826,46,238,284,94,35,17,82,199,2023
88,Malik Beasley,LAL,81,"2,093.0","1,025",370,937,0.395,235,658,0.357,50,65,0.769,35,248,283,124,65,9,90,107,2023
89,Tim Hardaway Jr.,DAL,71,"2,152.3","1,019",340,847,0.401,212,550,0.385,127,165,0.77,21,230,251,129,49,12,60,120,2023
90,Norman Powell,LAC,60,"1,566.6","1,019",340,710,0.479,114,287,0.397,225,277,0.812,24,151,175,109,50,18,101,125,2023
91,Derrick White,BOS,82,"2,319.3","1,017",350,758,0.462,149,391,0.381,168,192,0.875,52,241,293,321,54,76,95,177,2023
92,Luguentz Dort,OKC,74,"2,272.2","1,013",339,873,0.388,135,409,0.33,200,259,0.772,128,216,344,154,75,23,92,243,2023
93,"Jabari Smith, Jr.",HOU,79,"2,450.6","1,010",364,892,0.408,120,391,0.307,162,206,0.786,122,447,569,101,43,74,104,227,2023
94,Malcolm Brogdon,BOS,67,"1,743.8","1,000",354,732,0.484,132,297,0.444,160,184,0.87,42,238,280,248,45,18,98,109,2023
95,Bobby Portis,MIL,70,"1,818.6",987,398,803,0.496,95,257,0.37,96,125,0.768,154,518,672,105,29,16,81,115,2023
96,Keegan Murray,SAC,80,"2,382.5",976,354,782,0.453,206,501,0.411,62,81,0.765,89,282,371,98,61,42,60,162,2023
97,Jarrett Allen,CLE,68,"2,220.1",969,403,626,0.644,1,10,0.1,162,221,0.733,221,445,666,113,54,84,93,153,2023
98,Nicolas Claxton,BRK,76,"2,270.6",961,414,587,0.705,0,2,0.0,133,246,0.541,184,518,702,144,65,189,96,212,2023
99,Jaden McDaniels,MIN,79,"2,416.5",953,370,716,0.517,107,269,0.398,106,144,0.736,92,215,307,148,74,76,112,272,2023
100,Rudy Gobert,MIN,70,"2,148.5",939,360,546,0.659,0,3,0.0,219,340,0.644,231,583,814,87,56,95,122,210,2023
101,John Collins,ATL,71,"2,129.7",931,359,707,0.508,70,240,0.292,143,178,0.803,77,385,462,85,42,73,79,220,2023
102,"Bruce Brown, Jr.",DEN,80,"2,279.6",923,358,741,0.483,91,254,0.358,116,153,0.758,63,265,328,268,87,51,123,190,2023
103,Max Strus,MIA,80,"2,271.5",923,324,790,0.41,197,563,0.35,78,89,0.876,49,209,258,171,42,12,70,166,2023
104,Jakob Poeltl,TOR,72,"1,905.7",897,389,618,0.629,0,1,0.0,119,201,0.592,236,417,653,197,66,86,125,195,2023
105,Caris LeVert,CLE,74,"2,237.2",897,320,742,0.431,127,324,0.392,130,180,0.722,53,229,282,287,72,24,116,170,2023
106,Tre Jones,SAS,68,"1,982.8",875,341,743,0.459,45,158,0.285,148,172,0.86,56,189,245,448,89,9,110,98,2023
107,Mason Plumlee,LAC,79,"2,053.7",857,329,484,0.68,0,0,0.0,199,313,0.636,229,471,700,245,46,47,117,217,2023
108,Eric Gordon,LAC,69,"1,964.6",856,291,653,0.446,132,356,0.371,142,173,0.821,16,118,134,183,43,25,104,78,2023
109,Kelly Olynyk,UTA,68,"1,941.7",847,278,557,0.499,93,236,0.394,198,232,0.853,82,338,420,252,60,37,168,232,2023
110,Markelle Fultz,ORL,60,"1,778.0",837,349,679,0.514,27,87,0.31,112,143,0.783,69,165,234,341,87,26,139,131,2023
111,Austin Reaves,LAL,64,"1,843.2",833,259,490,0.529,86,216,0.398,229,265,0.864,33,160,193,215,33,19,99,108,2023
112,Patrick Williams,CHI,82,"2,322.4",833,314,677,0.464,115,277,0.415,90,105,0.857,78,249,327,100,72,70,101,147,2023
113,Dennis Schroder,LAL,66,"1,985.9",830,270,650,0.415,74,225,0.329,216,252,0.857,21,144,165,298,50,10,112,145,2023
114,Tyus Jones,MEM,80,"1,939.5",823,311,710,0.438,121,326,0.371,80,100,0.8,28,172,200,417,83,6,74,32,2023
115,Kentavious Caldwell-Pope,DEN,76,"2,381.2",822,292,632,0.462,135,319,0.423,103,125,0.824,35,173,208,183,112,35,86,145,2023
116,Corey Kispert,WAS,74,"2,093.3",820,291,585,0.497,163,384,0.424,75,88,0.852,33,174,207,87,32,9,55,97,2023
117,Chris Paul,PHX,59,"1,888.6",819,294,668,0.44,98,261,0.375,133,160,0.831,27,224,251,524,91,22,114,126,2023
118,Ivica Zubac,LAC,76,"2,169.6",818,326,514,0.634,0,2,0.0,166,238,0.697,236,520,756,77,29,98,117,219,2023
119,Quentin Grimes,NYK,71,"2,120.9",799,282,602,0.468,157,407,0.386,78,98,0.796,49,180,229,150,47,26,69,177,2023
120,Mike Conley,MIN,67,"2,028.3",798,261,610,0.428,135,351,0.385,141,169,0.834,33,149,182,450,73,14,103,139,2023
121,Onyeka Okongwu,ATL,80,"1,848.6",791,317,497,0.638,4,13,0.308,153,196,0.781,217,359,576,81,56,107,81,251,2023
122,Shaedon Sharpe,POR,80,"1,778.6",789,306,648,0.472,102,283,0.36,75,105,0.714,63,173,236,94,38,24,83,136,2023
123,Killian Hayes,DET,76,"2,153.6",786,307,815,0.377,80,286,0.28,92,112,0.821,28,193,221,470,104,28,173,219,2023
124,Cole Anthony,ORL,60,"1,551.8",781,277,610,0.454,75,206,0.364,152,170,0.894,47,241,288,235,37,31,91,158,2023
125,Naz Reid,MIN,68,"1,250.9",781,310,577,0.537,75,217,0.346,86,127,0.677,73,260,333,77,42,53,92,176,2023
126,De'Anthony Melton,PHI,77,"2,148.9",780,277,651,0.425,157,403,0.39,69,87,0.793,69,243,312,197,126,41,102,191,2023
127,Clint Capela,ATL,65,"1,730.2",779,350,536,0.653,0,1,0.0,79,131,0.603,258,459,717,58,45,79,54,139,2023
128,Tari Eason,HOU,82,"1,767.2",760,296,660,0.448,59,172,0.343,109,145,0.752,195,301,496,88,96,47,101,189,2023
129,Bogdan Bogdanovic,ATL,54,"1,508.5",756,273,611,0.447,146,360,0.406,64,77,0.831,23,142,165,150,43,18,65,86,2023
130,Jalen McDaniels,PHI,80,"1,913.1",755,281,617,0.455,77,232,0.332,116,138,0.841,63,283,346,130,83,34,93,209,2023
131,Grayson Allen,MIL,72,"1,972.0",750,245,557,0.44,146,366,0.399,114,126,0.905,61,176,237,163,62,14,72,117,2023
132,Josh Hart,NYK,76,"2,454.1",743,275,520,0.529,61,164,0.372,132,176,0.75,142,451,593,290,88,21,117,195,2023
133,Aaron Nesmith,IND,73,"1,816.4",738,252,590,0.427,115,314,0.366,119,142,0.838,62,215,277,98,55,34,75,235,2023
134,Zach Collins,SAS,63,"1,440.7",731,284,548,0.518,55,147,0.374,108,142,0.761,116,286,402,180,37,49,129,199,2023
135,Marcus Morris,LAC,65,"1,825.2",728,274,643,0.426,112,308,0.364,68,87,0.782,29,229,258,114,42,21,56,136,2023
136,Coby White,CHI,74,"1,729.9",715,263,594,0.443,128,344,0.372,61,70,0.871,16,196,212,204,54,6,74,122,2023
137,Terance Mann,LAC,81,"1,871.9",713,272,524,0.519,77,198,0.389,92,118,0.78,77,199,276,184,42,22,80,149,2023
138,Chris Boucher,TOR,76,"1,523.4",712,261,529,0.493,62,189,0.328,128,168,0.762,157,264,421,29,47,64,41,143,2023
139,Andrew Nembhard,IND,75,"2,073.5",709,284,644,0.441,92,263,0.35,49,62,0.79,35,164,199,341,70,13,126,179,2023
140,Rui Hachimura,LAL,63,"1,466.1",707,284,584,0.486,51,160,0.319,88,119,0.739,53,230,283,58,19,26,53,72,2023
141,Daniel Gafford,WAS,78,"1,604.2",705,289,395,0.732,0,0,0.0,127,187,0.679,163,270,433,84,33,99,85,187,2023
142,Jaylen Nowell,MIN,65,"1,251.8",704,280,625,0.448,67,232,0.289,77,99,0.778,36,134,170,132,42,5,65,101,2023
143,Marcus Smart,BOS,61,"1,956.5",703,250,602,0.415,115,342,0.336,88,118,0.746,46,145,191,382,93,23,143,172,2023
144,Naji Marshall,NOP,77,"1,792.0",698,247,571,0.433,66,218,0.303,138,175,0.789,48,231,279,189,54,14,97,113,2023
145,Talen Horton-Tucker,UTA,65,"1,313.2",698,257,613,0.419,58,203,0.286,126,168,0.75,41,169,210,246,41,29,126,108,2023
146,Deni Avdija,WAS,76,"2,020.4",697,253,579,0.437,69,232,0.297,122,165,0.739,74,413,487,211,65,29,123,209,2023
147,Santi Aldama,MEM,77,"1,681.1",696,247,525,0.47,94,266,0.353,108,144,0.75,85,286,371,97,45,48,60,143,2023
148,Reggie Jackson,DEN,68,"1,656.9",693,263,640,0.411,96,288,0.333,71,78,0.91,25,119,144,233,47,6,115,114,2023
149,Isaiah Joe,OKC,73,"1,395.3",691,224,508,0.441,161,394,0.409,82,100,0.82,27,148,175,88,48,8,39,105,2023
150,Ayo Dosunmu,CHI,80,"2,097.6",687,281,570,0.493,59,189,0.312,66,82,0.805,45,175,220,206,62,26,99,182,2023
151,Caleb Martin,MIA,71,"2,077.5",683,254,548,0.464,84,236,0.356,91,113,0.805,88,256,344,117,71,31,78,145,2023
152,Walker Kessler,UTA,74,"1,703.4",679,298,414,0.72,1,3,0.333,82,159,0.516,231,389,620,69,26,173,58,169,2023
153,Donte DiVincenzo,GSW,72,"1,893.7",678,235,540,0.435,150,378,0.397,58,71,0.817,80,245,325,252,97,10,112,133,2023
154,Malaki Branham,SAS,66,"1,549.6",673,269,611,0.44,77,255,0.302,58,70,0.829,28,153,181,127,33,7,76,115,2023
155,Royce O'Neale,BRK,76,"2,409.0",671,229,593,0.386,163,419,0.389,50,69,0.725,55,329,384,283,65,49,114,239,2023
156,Cedi Osman,CLE,77,"1,547.8",669,239,530,0.451,116,312,0.372,75,108,0.694,25,151,176,115,35,11,52,122,2023
157,Jonathan Kuminga,GSW,67,"1,394.3",666,261,497,0.525,54,146,0.37,90,138,0.652,70,161,231,125,41,31,95,157,2023
158,Bones Hyland,LAC,56,"1,085.5",659,228,571,0.399,117,315,0.371,86,102,0.843,20,115,135,172,39,15,82,96,2023
159,Josh Richardson,NOP,65,"1,530.6",654,239,554,0.431,107,293,0.365,69,81,0.852,41,134,175,174,69,20,86,117,2023
160,Doug McDermott,SAS,64,"1,314.1",654,239,523,0.457,123,298,0.413,53,70,0.757,24,115,139,91,13,6,58,118,2023
161,Lonnie Walker,LAL,56,"1,297.0",654,236,527,0.448,91,249,0.365,91,106,0.858,14,95,109,64,30,17,46,71,2023
162,Jevon Carter,MIL,81,"1,810.4",651,239,565,0.423,142,337,0.421,31,38,0.816,35,167,202,197,66,29,78,158,2023
163,T.J. McConnell,IND,75,"1,526.3",650,283,521,0.543,26,59,0.441,58,68,0.853,45,189,234,397,81,10,143,105,2023
164,Herb Jones,NOP,66,"1,950.1",649,235,501,0.469,56,167,0.335,123,161,0.764,97,172,269,162,103,42,88,208,2023
165,Kyle Anderson,MIN,69,"1,956.5",647,252,495,0.509,43,105,0.41,100,136,0.735,66,302,368,335,78,63,103,146,2023
166,Keita Bates-Diop,SAS,67,"1,453.2",647,236,465,0.508,56,142,0.394,119,150,0.793,65,183,248,103,46,20,56,63,2023
167,Jalen Smith,IND,68,"1,278.6",642,242,508,0.476,54,191,0.283,104,137,0.759,129,265,394,66,21,60,72,153,2023
168,Grant Williams,BOS,79,"2,044.7",641,216,476,0.454,115,291,0.395,94,122,0.77,87,276,363,131,41,31,82,192,2023
169,Gabe Vincent,MIA,68,"1,758.7",641,228,567,0.402,117,350,0.334,68,78,0.872,27,118,145,167,62,5,92,154,2023
170,"A.J. Griffin, Jr.",ATL,72,"1,401.3",639,248,533,0.465,101,259,0.39,42,47,0.894,37,116,153,73,42,12,42,87,2023
171,Shake Milton,PHI,76,"1,567.3",637,241,503,0.479,56,148,0.378,99,116,0.853,39,152,191,240,25,13,94,123,2023
172,Georges Niang,PHI,78,"1,511.9",637,222,502,0.442,154,384,0.401,39,45,0.867,19,166,185,77,30,14,54,145,2023
173,Monte Morris,WAS,62,"1,695.8",636,247,515,0.48,78,204,0.382,64,77,0.831,26,184,210,326,43,13,60,75,2023
174,Bol Bol,ORL,70,"1,505.4",634,261,478,0.546,30,113,0.265,82,108,0.759,69,336,405,69,30,85,112,92,2023
175,Jarred Vanderbilt,LAL,78,"1,879.7",619,247,451,0.548,29,90,0.322,96,139,0.691,170,412,582,184,83,21,97,190,2023
176,Draymond Green,GSW,73,"2,297.5",617,250,474,0.527,40,131,0.305,77,108,0.713,66,459,525,500,74,60,204,229,2023
177,Al Horford,BOS,63,"1,922.1",616,228,479,0.476,145,325,0.446,15,21,0.714,73,317,390,189,30,61,37,121,2023
178,Kyle Lowry,MIA,55,"1,717.7",615,196,485,0.404,107,310,0.345,116,135,0.859,43,182,225,281,57,21,103,143,2023
179,Jalen Duren,DET,67,"1,670.2",612,258,398,0.648,0,2,0.0,96,157,0.611,229,366,595,75,44,59,92,182,2023
180,Damion Lee,PHX,74,"1,506.1",604,200,452,0.442,110,247,0.445,94,104,0.904,39,186,225,99,30,7,78,118,2023
181,Cam Thomas,BRK,57,947.7,604,201,456,0.441,51,133,0.383,151,174,0.868,8,87,95,78,20,7,63,55,2023
182,Torrey Craig,PHX,79,"1,947.8",588,228,500,0.456,100,253,0.395,32,45,0.711,145,281,426,117,50,62,73,179,2023
183,Thomas Bryant,DEN,59,"1,080.3",579,230,369,0.623,26,59,0.441,93,126,0.738,86,253,339,31,16,30,38,102,2023
184,Kevon Looney,GSW,82,"1,957.3",578,242,384,0.63,0,1,0.0,94,155,0.606,274,486,760,207,52,50,45,225,2023
185,Trey Lyles,SAC,74,"1,247.2",562,187,408,0.458,87,240,0.363,101,124,0.815,68,232,300,66,27,31,64,97,2023
186,Joe Harris,BRK,74,"1,526.7",562,201,440,0.457,142,333,0.426,18,28,0.643,23,141,164,101,34,13,41,140,2023
187,Reggie Bullock,DAL,78,"2,364.4",561,192,470,0.409,151,397,0.38,26,37,0.703,32,251,283,108,54,13,36,166,2023
188,Seth Curry,BRK,61,"1,210.9",561,208,449,0.463,94,232,0.405,51,55,0.927,13,87,100,99,36,7,51,96,2023
189,Dorian Finney-Smith,BRK,66,"2,008.8",551,196,501,0.391,114,338,0.337,45,59,0.763,114,202,316,100,55,36,62,144,2023
190,Jose Alvarado,NOP,61,"1,310.6",550,201,489,0.411,83,247,0.336,65,80,0.813,28,113,141,186,67,10,81,125,2023
191,Luke Kennard,MEM,59,"1,315.2",546,188,382,0.492,133,269,0.494,37,39,0.949,15,143,158,91,32,5,46,82,2023
192,Josh Green,DAL,60,"1,539.2",546,205,382,0.537,68,169,0.402,68,94,0.723,55,127,182,103,42,5,72,156,2023
193,Jordan Nwora,IND,62,"1,187.6",542,194,445,0.436,86,211,0.408,68,86,0.791,51,178,229,88,24,14,66,74,2023
194,"Troy Brown, Jr.",LAL,76,"1,859.7",541,200,465,0.43,107,281,0.381,34,39,0.872,62,246,308,95,59,16,49,120,2023
195,Devonte' Graham,SAS,73,"1,338.4",539,161,431,0.374,119,338,0.352,98,131,0.748,19,103,122,196,45,16,53,79,2023
196,Nick Richards,CHA,65,"1,217.0",532,197,313,0.629,1,1,1.0,137,183,0.749,147,269,416,38,11,71,59,154,2023
197,Josh Okogie,PHX,72,"1,350.5",529,162,414,0.391,66,197,0.335,139,192,0.724,109,142,251,105,56,34,63,114,2023
198,Terrence Ross,PHX,63,"1,330.5",522,200,465,0.43,95,258,0.368,27,34,0.794,22,132,154,95,35,10,43,97,2023
199,Drew Eubanks,POR,78,"1,583.7",518,214,334,0.641,7,18,0.389,83,125,0.664,132,286,418,103,40,102,67,169,2023
200,Tre Mann,OKC,67,"1,183.4",517,197,501,0.393,81,257,0.315,42,55,0.764,27,128,155,120,40,11,62,99,2023
201,Sam Hauser,BOS,80,"1,290.1",512,180,396,0.455,140,335,0.418,12,17,0.706,35,169,204,71,29,21,30,99,2023
202,Kevin Love,MIA,62,"1,239.6",509,165,424,0.389,99,296,0.334,80,91,0.879,59,340,399,116,16,12,70,97,2023
203,Dwight Powell,DAL,76,"1,458.8",506,197,269,0.732,0,5,0.0,112,168,0.667,149,165,314,69,48,26,65,209,2023
204,Obi Toppin,NYK,67,"1,050.4",497,187,419,0.446,85,247,0.344,38,47,0.809,29,158,187,66,23,12,38,68,2023
205,Kendrick Nunn,WAS,70,963.8,496,191,450,0.424,79,223,0.354,35,41,0.854,15,94,109,90,28,7,66,66,2023
206,Taurean Prince,MIN,54,"1,192.4",493,177,379,0.467,74,194,0.381,65,77,0.844,15,117,132,84,28,15,69,123,2023
207,Isaac Okoro,CLE,76,"1,652.6",490,175,354,0.494,62,171,0.363,78,103,0.757,52,135,187,87,56,30,42,158,2023
208,Aaron Wiggins,OKC,70,"1,297.5",479,186,363,0.512,48,122,0.393,59,71,0.831,68,142,210,80,39,15,55,110,2023
209,Nicolas Batum,LAC,78,"1,709.8",478,160,381,0.42,124,317,0.391,34,48,0.708,62,237,299,121,54,44,50,149,2023
210,Ochai Agbaji,UTA,59,"1,209.1",467,165,386,0.427,81,228,0.355,56,69,0.812,43,78,121,67,16,15,41,99,2023
211,Pat Connaughton,MIL,61,"1,443.3",466,165,421,0.392,109,322,0.339,27,41,0.659,50,233,283,77,37,11,33,69,2023
212,David Roddy,MEM,70,"1,258.4",466,180,420,0.429,65,212,0.307,41,65,0.631,50,143,193,59,29,19,57,107,2023
213,Trendon Watford,POR,62,"1,181.6",459,181,323,0.56,25,64,0.391,72,100,0.72,42,196,238,130,32,12,71,118,2023
214,Jock Landale,PHX,69,978.6,456,178,337,0.528,21,84,0.25,79,105,0.752,119,161,280,68,16,30,59,126,2023
215,Isaiah Jackson,IND,63,"1,042.3",455,179,318,0.563,2,14,0.143,95,146,0.651,113,169,282,51,31,93,51,154,2023
216,Davion Mitchell,SAC,80,"1,446.6",450,181,399,0.454,63,197,0.32,25,31,0.806,16,89,105,185,44,15,62,112,2023
217,"Larry Nance, Jr.",NOP,65,"1,381.2",441,186,305,0.61,14,42,0.333,55,79,0.696,106,248,354,119,56,37,42,133,2023
218,Jeff Green,DEN,56,"1,091.1",437,160,328,0.488,30,104,0.288,87,117,0.744,38,106,144,69,18,17,46,99,2023
219,Mitchell Robinson,NYK,59,"1,591.2",435,188,280,0.671,0,0,0.0,59,122,0.484,267,288,555,53,56,109,41,160,2023
220,Terence Davis,SAC,64,840.9,431,154,364,0.423,89,243,0.366,34,43,0.791,20,119,139,67,43,12,53,104,2023
221,"Xavier Tillman, Sr.",MEM,61,"1,180.1",429,188,306,0.614,4,15,0.267,49,89,0.551,121,186,307,96,58,29,44,97,2023
222,Cory Joseph,DET,62,"1,227.4",427,150,351,0.427,70,180,0.389,57,72,0.792,21,85,106,217,34,9,56,88,2023
223,Patrick Beverley,CHI,67,"1,816.5",415,144,360,0.4,80,239,0.335,47,65,0.723,44,203,247,194,63,41,60,187,2023
224,Anthony Lamb,GSW,62,"1,195.0",415,148,314,0.471,73,199,0.367,46,60,0.767,56,159,215,96,28,20,54,134,2023
225,Kevin Knox,POR,63,951.7,415,152,332,0.458,65,186,0.349,46,60,0.767,34,143,177,33,24,12,50,95,2023
226,Jordan Goodwin,WAS,62,"1,105.6",407,158,353,0.448,38,118,0.322,53,69,0.768,57,148,205,168,58,26,57,95,2023
227,Isaiah Hartenstein,NYK,82,"1,626.0",406,175,327,0.535,8,37,0.216,48,71,0.676,209,327,536,102,53,64,66,213,2023
228,Andre Drummond,CHI,67,849.6,399,166,274,0.606,0,3,0.0,67,125,0.536,138,306,444,33,45,27,75,117,2023
229,Oshae Brissett,IND,65,"1,083.1",398,123,319,0.386,48,155,0.31,104,145,0.717,62,156,218,44,33,13,34,79,2023
230,Jalen Johnson,ATL,70,"1,041.5",395,158,322,0.491,30,104,0.288,49,78,0.628,51,231,282,83,38,34,41,113,2023
231,Mike Muscala,BOS,63,945.0,383,131,292,0.449,81,207,0.391,40,52,0.769,37,166,203,50,15,24,23,98,2023
232,Alex Caruso,CHI,67,"1,575.7",374,130,286,0.455,55,151,0.364,59,73,0.808,42,154,196,193,98,46,77,159,2023
233,Wenyen Gabriel,LAL,68,"1,024.1",372,155,260,0.596,10,36,0.278,52,84,0.619,116,170,286,36,26,35,46,144,2023
234,Josh Christopher,HOU,64,786.2,372,153,329,0.465,21,89,0.236,45,60,0.75,20,51,71,73,33,15,60,59,2023
235,JaMychal Green,GSW,57,797.3,366,136,252,0.54,42,111,0.378,52,67,0.776,72,133,205,51,25,23,52,105,2023
236,Goran Dragic,MIL,58,870.1,365,141,335,0.421,52,145,0.359,31,45,0.689,16,65,81,151,13,4,63,65,2023
237,John Konchar,MEM,72,"1,493.7",364,138,320,0.431,60,177,0.339,28,36,0.778,64,246,310,100,77,25,37,112,2023
238,Nickeil Alexander-Walker,MIN,59,883.6,363,131,295,0.444,61,159,0.384,40,60,0.667,15,86,101,108,32,21,55,88,2023
239,Christian Braun,DEN,76,"1,181.1",360,143,289,0.495,34,96,0.354,40,64,0.625,48,133,181,59,41,17,35,101,2023
240,Lamar Stevens,CLE,62,"1,120.4",328,129,288,0.448,30,95,0.316,40,57,0.702,48,159,207,33,27,19,27,79,2023
241,Yuta Watanabe,BRK,58,927.9,322,114,232,0.491,60,135,0.444,34,47,0.723,30,111,141,48,25,17,22,80,2023
242,Chimezie Metu,SAC,66,689.0,321,129,219,0.589,9,38,0.237,54,73,0.74,47,151,198,40,22,21,32,81,2023
243,Montrezl Harrell,PHI,57,681.0,320,125,209,0.598,0,6,0.0,70,101,0.693,67,92,159,33,17,25,35,75,2023
244,Derrick Jones,CHI,64,893.9,319,115,230,0.5,27,80,0.338,62,84,0.738,60,93,153,34,29,37,25,86,2023
245,Moses Moody,GSW,63,817.0,302,108,227,0.476,49,135,0.363,37,53,0.698,28,77,105,51,18,7,34,54,2023
246,Vlatko Cancar,DEN,60,889.0,297,108,227,0.476,43,115,0.374,38,41,0.927,24,104,128,80,22,14,37,84,2023
247,Matisse Thybulle,POR,71,"1,200.3",293,110,253,0.435,54,148,0.365,19,28,0.679,40,100,140,53,83,32,24,113,2023
248,"Paul Reed, Jr.",PHI,69,755.1,287,124,209,0.593,1,6,0.167,38,51,0.745,112,150,262,27,46,51,45,123,2023
249,Danuel House,PHI,56,806.9,268,93,197,0.472,37,110,0.336,45,60,0.75,9,85,94,44,14,9,26,69,2023
250,P.J. Tucker,PHI,75,"1,920.1",266,96,225,0.427,55,140,0.393,19,23,0.826,95,200,295,60,39,15,44,180,2023
251,Bismack Biyombo,PHX,61,873.4,263,119,206,0.578,0,0,0.0,25,70,0.357,89,171,260,56,18,88,51,114,2023
252,J.T. Thor,CHA,69,968.8,262,95,238,0.399,39,123,0.317,33,47,0.702,36,116,152,36,22,23,44,66,2023
253,Luke Kornet,BOS,69,804.2,261,113,170,0.665,3,13,0.231,32,39,0.821,86,111,197,53,11,46,25,81,2023
254,Ish Wainright,PHX,60,915.1,251,84,227,0.37,57,173,0.329,26,31,0.839,45,94,139,53,38,22,22,117,2023
255,Aaron Holiday,ATL,63,845.2,247,92,220,0.418,36,88,0.409,27,32,0.844,25,49,74,89,37,12,36,79,2023
256,Haywood Highsmith,MIA,54,969.3,236,93,216,0.431,37,109,0.339,13,28,0.464,57,131,188,43,36,17,45,82,2023
257,Dyson Daniels,NOP,59,"1,042.0",227,87,208,0.418,27,86,0.314,26,40,0.65,36,152,188,134,43,11,57,99,2023
258,Usman Garuba,HOU,75,969.8,225,86,177,0.486,24,59,0.407,29,47,0.617,120,187,307,64,44,29,47,135,2023
259,Miles McBride,NYK,64,760.0,222,77,215,0.358,40,134,0.299,28,42,0.667,13,37,50,72,37,8,25,60,2023
260,Anthony Gill,WAS,59,624.5,195,71,132,0.538,4,29,0.138,49,67,0.731,37,62,99,34,7,12,15,70,2023
261,Christian Koloko,TOR,58,801.9,182,72,150,0.48,1,12,0.083,37,59,0.627,84,87,171,31,21,57,20,128,2023
1,Luka Doncic,DAL,70,"2,624.1","2,370",804,"1,652",0.487,284,744,0.382,478,608,0.786,59,588,647,686,99,38,282,149,2024
2,Shai Gilgeous-Alexander,OKC,75,"2,552.7","2,254",796,"1,487",0.535,95,269,0.353,567,649,0.874,65,350,415,465,150,67,162,184,2024
3,Giannis Antetokounmpo,MIL,73,"2,567.2","2,222",837,"1,369",0.611,34,124,0.274,514,782,0.657,196,645,841,476,87,79,250,210,2024
4,Jalen Brunson,NYK,77,"2,726.4","2,212",790,"1,648",0.479,211,526,0.401,421,497,0.847,43,235,278,519,70,13,186,144,2024
5,Nikola Jokic,DEN,79,"2,736.5","2,085",822,"1,411",0.583,83,231,0.359,358,438,0.817,223,753,976,708,108,68,237,194,2024
6,Anthony Edwards,MIN,79,"2,770.4","2,049",718,"1,558",0.461,190,532,0.357,423,506,0.836,52,378,430,405,101,42,241,141,2024
7,Kevin Durant,PHX,75,"2,790.6","2,032",751,"1,436",0.523,168,407,0.413,362,423,0.856,41,454,495,378,69,91,244,133,2024
8,Jayson Tatum,BOS,74,"2,645.3","1,987",672,"1,426",0.471,229,609,0.376,414,497,0.833,67,534,601,364,75,43,188,145,2024
9,De'Aaron Fox,SAC,74,"2,658.8","1,966",720,"1,549",0.465,214,580,0.369,312,423,0.738,67,273,340,418,150,31,194,193,2024
10,Stephen Curry,GSW,74,"2,421.6","1,956",650,"1,445",0.45,357,876,0.408,299,324,0.923,37,293,330,379,54,28,210,117,2024
11,DeMar DeRozan,CHI,79,"2,988.6","1,897",650,"1,355",0.48,75,225,0.333,522,612,0.853,43,297,340,421,90,45,135,161,2024
12,Anthony Davis,LAL,76,"2,700.3","1,876",713,"1,283",0.556,29,107,0.271,421,516,0.816,239,722,961,266,91,178,159,177,2024
13,Devin Booker,PHX,68,"2,446.7","1,841",642,"1,305",0.492,152,418,0.364,405,457,0.886,56,252,308,472,61,28,178,206,2024
14,LeBron James,LAL,71,"2,503.8","1,822",685,"1,269",0.54,149,363,0.41,303,404,0.75,61,457,518,589,89,38,245,78,2024
15,Tyrese Maxey,PHI,70,"2,625.8","1,816",638,"1,419",0.45,212,569,0.373,328,378,0.868,36,222,258,433,69,33,116,151,2024
16,Paolo Banchero,ORL,80,"2,798.7","1,804",640,"1,407",0.455,119,351,0.339,405,559,0.725,82,472,554,431,71,47,247,153,2024
17,Damian Lillard,MIL,73,"2,578.4","1,775",541,"1,277",0.424,220,622,0.354,473,514,0.92,36,284,320,508,72,18,193,134,2024
18,Dejounte Murray,ATL,78,"2,783.4","1,753",672,"1,463",0.459,201,554,0.363,208,262,0.794,62,354,416,502,111,24,201,138,2024
19,Pascal Siakam,IND,80,"2,658.0","1,737",681,"1,271",0.536,85,246,0.346,290,396,0.732,139,426,565,342,63,25,141,193,2024
20,Paul George,LAC,74,"2,501.8","1,671",582,"1,236",0.471,243,588,0.413,264,291,0.907,37,351,388,262,113,37,153,202,2024
21,Kawhi Leonard,LAC,68,"2,330.1","1,613",610,"1,162",0.525,140,336,0.417,253,286,0.885,84,332,416,244,111,59,119,97,2024
22,Jaylen Brown,BOS,70,"2,342.6","1,610",627,"1,256",0.499,145,410,0.354,211,300,0.703,84,303,387,249,83,37,166,185,2024
23,Jalen Green,HOU,82,"2,601.5","1,610",563,"1,332",0.423,201,605,0.332,283,352,0.804,41,382,423,291,66,28,191,115,2024
24,Mikal Bridges,BRK,82,"2,854.3","1,606",564,"1,294",0.436,220,592,0.372,258,317,0.814,68,304,372,299,81,30,164,116,2024
25,Zion Williamson,NOP,70,"2,206.9","1,601",624,"1,094",0.57,6,18,0.333,347,494,0.702,122,284,406,352,77,47,193,159,2024
26,Domantas Sabonis,SAC,82,"2,928.1","1,593",634,"1,068",0.594,33,87,0.379,292,415,0.704,294,826,"1,120",673,74,48,272,250,2024
27,Kyle Kuzma,WAS,70,"2,281.2","1,553",608,"1,313",0.463,151,450,0.336,186,240,0.775,62,402,464,296,37,49,192,153,2024
28,Victor Wembanyama,SAS,71,"2,106.3","1,522",551,"1,186",0.465,128,394,0.325,292,367,0.796,161,594,755,274,88,254,260,153,2024
29,Coby White,CHI,79,"2,881.4","1,509",541,"1,209",0.447,209,556,0.376,218,260,0.838,44,314,358,405,53,18,166,186,2024
30,Kyrie Irving,DAL,58,"2,029.6","1,487",562,"1,131",0.497,173,421,0.411,190,210,0.905,44,246,290,299,74,28,106,112,2024
31,"Jaren Jackson, Jr.",MEM,66,"2,124.2","1,486",516,"1,162",0.444,117,366,0.32,337,417,0.808,85,280,365,154,80,106,160,235,2024
32,Cam Thomas,BRK,66,"2,074.9","1,482",526,"1,190",0.442,144,396,0.364,286,334,0.856,28,186,214,192,45,16,124,138,2024
33,Donovan Mitchell,CLE,55,"1,942.7","1,463",503,"1,089",0.462,182,494,0.368,275,318,0.865,46,234,280,333,101,30,154,118,2024
34,Collin Sexton,UTA,78,"2,074.8","1,458",506,"1,038",0.487,128,325,0.394,318,370,0.859,71,134,205,383,62,18,165,154,2024
35,Miles Bridges,CHA,69,"2,581.1","1,449",559,"1,210",0.462,157,450,0.349,174,211,0.825,71,434,505,231,65,33,138,118,2024
36,Franz Wagner,ORL,72,"2,337.5","1,421",528,"1,096",0.482,94,334,0.281,271,319,0.85,72,309,381,269,76,28,137,168,2024
37,Cade Cunningham,DET,62,"2,074.2","1,405",524,"1,167",0.449,119,335,0.355,238,274,0.869,33,235,268,464,56,22,212,153,2024
38,Tyrese Haliburton,IND,69,"2,223.5","1,389",500,"1,048",0.477,195,535,0.364,194,227,0.855,35,236,271,752,83,48,159,75,2024
39,Klay Thompson,GSW,77,"2,284.2","1,375",490,"1,133",0.432,268,692,0.387,127,137,0.927,35,219,254,176,50,35,117,127,2024
40,Nikola Vucevic,CHI,76,"2,609.5","1,370",586,"1,211",0.484,92,313,0.294,106,129,0.822,210,591,801,254,50,60,120,190,2024
41,D'Angelo Russell,LAL,76,"2,484.1","1,369",492,"1,080",0.456,226,545,0.415,159,192,0.828,28,208,236,482,69,36,156,156,2024
42,Bam Adebayo,MIA,71,"2,416.5","1,367",530,"1,017",0.521,15,42,0.357,292,387,0.755,159,578,737,278,81,66,162,159,2024
43,Chet Holmgren,OKC,82,"2,412.8","1,357",505,953,0.53,129,349,0.37,218,275,0.793,129,519,648,200,53,190,131,197,2024
44,"Michael Porter, Jr.",DEN,81,"2,564.7","1,356",522,"1,079",0.484,220,554,0.397,92,110,0.836,106,459,565,122,42,53,92,148,2024
45,Jordan Poole,WAS,78,"2,345.6","1,356",490,"1,186",0.413,184,564,0.326,192,219,0.877,32,180,212,343,86,25,188,244,2024
46,Jalen Williams,OKC,71,"2,223.7","1,355",536,993,0.54,103,241,0.427,180,221,0.814,37,245,282,322,80,45,123,175,2024
47,Joel Embiid,PHI,39,"1,309.4","1,353",450,851,0.529,54,139,0.388,399,452,0.883,95,335,430,219,46,66,150,112,2024
48,Karl-Anthony Towns,MIN,62,"2,025.6","1,349",479,951,0.504,136,327,0.416,255,292,0.873,94,421,515,189,43,41,177,204,2024
49,Bogdan Bogdanovic,ATL,79,"2,401.4","1,333",471,"1,100",0.428,240,641,0.374,151,164,0.921,53,219,272,247,96,26,112,179,2024
50,Brandon Ingram,NOP,64,"2,102.7","1,332",500,"1,017",0.492,86,242,0.355,246,307,0.801,43,281,324,363,50,40,163,145,2024
51,Alperen Sengun,HOU,63,"2,045.7","1,331",527,982,0.537,33,111,0.297,244,352,0.693,183,406,589,312,76,46,162,211,2024
52,Devin Vassell,SAS,68,"2,247.8","1,323",498,"1,056",0.472,166,446,0.372,161,201,0.801,27,234,261,277,73,23,108,74,2024
53,C.J. McCollum,NOP,66,"2,158.5","1,322",484,"1,055",0.459,239,557,0.429,115,139,0.827,39,247,286,305,62,41,110,126,2024
54,Myles Turner,IND,77,"2,076.4","1,313",476,909,0.524,116,324,0.358,245,317,0.773,113,420,533,100,39,144,109,232,2024
55,Austin Reaves,LAL,82,"2,629.0","1,300",457,940,0.486,154,420,0.367,232,272,0.853,57,295,352,450,66,25,174,153,2024
56,Brandon Miller,CHA,74,"2,383.0","1,279",476,"1,083",0.44,184,493,0.373,143,173,0.827,60,255,315,175,66,42,132,184,2024
57,Jarrett Allen,CLE,77,"2,442.1","1,271",519,819,0.634,0,6,0.0,233,314,0.742,243,568,811,210,53,81,121,147,2024
58,Fred VanVleet,HOU,73,"2,684.5","1,270",423,"1,018",0.416,227,586,0.387,197,229,0.86,33,245,278,589,101,59,126,183,2024
59,Donte DiVincenzo,NYK,81,"2,360.4","1,259",445,"1,004",0.443,283,705,0.401,86,114,0.754,63,234,297,216,107,36,113,166,2024
60,Jamal Murray,DEN,59,"1,861.4","1,250",474,986,0.481,145,341,0.425,157,184,0.853,42,200,242,384,57,39,125,104,2024
61,Jimmy Butler,MIA,60,"2,042.1","1,246",396,793,0.499,60,145,0.414,394,459,0.858,105,213,318,298,79,17,102,68,2024
62,Terry Rozier,MIA,61,"2,040.4","1,205",442,998,0.443,149,410,0.363,172,198,0.869,35,212,247,342,63,21,106,101,2024
63,Tobias Harris,PHI,70,"2,367.8","1,204",463,951,0.487,91,258,0.353,187,213,0.878,80,373,453,217,70,46,93,115,2024
64,James Harden,LAC,72,"2,469.7","1,192",352,822,0.428,186,488,0.381,302,344,0.878,34,335,369,614,77,57,185,127,2024
65,Scottie Barnes,TOR,60,"2,094.3","1,191",447,942,0.475,101,296,0.341,196,251,0.781,141,353,494,363,75,88,165,118,2024
66,Jonathan Kuminga,GSW,74,"1,949.5","1,188",456,862,0.529,53,165,0.321,223,299,0.746,92,263,355,163,55,36,122,169,2024
67,Jaden Ivey,DET,77,"2,217.5","1,185",417,973,0.429,124,369,0.336,227,303,0.749,86,178,264,296,57,41,190,204,2024
68,Keegan Murray,SAC,77,"2,588.6","1,172",443,975,0.454,183,511,0.358,103,124,0.831,106,314,420,129,79,59,64,205,2024
69,R.J. Barrett,TOR,58,"1,838.1","1,170",436,880,0.495,90,250,0.36,208,291,0.715,53,262,315,193,31,22,126,129,2024
70,Immanuel Quickley,TOR,68,"1,985.4","1,156",388,894,0.434,171,433,0.395,209,245,0.853,17,242,259,331,50,10,101,119,2024
71,Kristaps Porzingis,BOS,57,"1,690.0","1,145",388,752,0.516,110,293,0.375,259,302,0.858,97,312,409,115,42,111,89,156,2024
72,Tim Hardaway Jr.,DAL,79,"2,120.3","1,139",392,976,0.402,211,597,0.353,144,169,0.852,22,232,254,139,42,6,69,106,2024
73,Bobby Portis,MIL,82,"2,008.2","1,130",466,918,0.508,100,246,0.407,98,124,0.79,142,465,607,104,68,34,91,189,2024
74,Dennis Schroder,BRK,80,"2,486.0","1,122",403,927,0.435,138,368,0.375,178,213,0.836,39,203,242,488,63,17,153,164,2024
75,Malik Monk,SAC,72,"1,872.4","1,110",396,893,0.443,148,423,0.35,170,205,0.829,28,184,212,370,45,39,150,156,2024
76,Derrick White,BOS,73,"2,381.0","1,107",387,839,0.461,196,495,0.396,137,152,0.901,51,259,310,377,74,87,112,152,2024
77,Deni Avdija,WAS,75,"2,256.7","1,102",406,803,0.506,88,235,0.374,202,273,0.74,84,456,540,286,60,36,160,185,2024
78,Naz Reid,MIN,81,"1,963.8","1,090",406,851,0.477,169,408,0.414,109,148,0.736,73,350,423,106,63,73,111,172,2024
79,Keldon Johnson,SAS,69,"2,038.4","1,084",391,862,0.454,127,367,0.346,175,221,0.792,95,282,377,195,51,20,100,149,2024
80,Corey Kispert,WAS,80,"2,067.4","1,070",386,794,0.486,184,480,0.383,114,157,0.726,30,195,225,156,41,16,98,141,2024
81,Rudy Gobert,MIN,76,"2,593.2","1,061",406,614,0.661,0,3,0.0,249,390,0.638,285,697,982,102,52,162,118,238,2024
82,Norman Powell,LAC,76,"1,990.4","1,056",373,768,0.486,167,384,0.435,143,172,0.831,16,179,195,82,43,22,66,137,2024
83,"Kelly Oubre, Jr.",PHI,68,"2,055.3","1,049",387,878,0.441,101,325,0.311,174,232,0.75,94,247,341,101,77,47,87,194,2024
84,"Jabari Smith, Jr.",HOU,76,"2,423.9","1,044",378,833,0.454,138,380,0.363,150,185,0.811,139,477,616,121,52,61,89,200,2024
85,Darius Garland,CLE,57,"1,900.4","1,028",375,841,0.446,132,356,0.371,146,175,0.834,30,122,152,373,74,7,176,95,2024
86,John Collins,UTA,68,"1,901.1","1,027",397,746,0.532,86,232,0.371,147,185,0.795,157,418,575,77,40,61,98,191,2024
87,Grayson Allen,PHX,75,"2,513.3","1,014",340,682,0.499,205,445,0.461,129,147,0.878,48,247,295,227,69,45,95,157,2024
88,Aaron Gordon,DEN,73,"2,296.8","1,013",398,716,0.556,40,138,0.29,177,269,0.658,174,297,471,259,56,45,105,142,2024
89,Buddy Hield,PHI,84,"2,159.9","1,013",371,850,0.436,219,568,0.386,52,59,0.881,61,208,269,236,70,42,103,169,2024
90,Jonas Valanciunas,NOP,82,"1,924.9","1,002",402,719,0.559,37,120,0.308,161,205,0.785,186,535,721,173,32,68,111,218,2024
91,Harrison Barnes,SAC,82,"2,380.9","1,000",347,732,0.474,149,385,0.387,157,196,0.801,67,182,249,99,54,12,58,98,2024
92,Brook Lopez,MIL,79,"2,411.1",990,366,755,0.485,148,404,0.366,110,134,0.821,117,292,409,127,43,189,79,191,2024
93,Josh Giddey,OKC,80,"2,011.6",986,402,847,0.475,82,243,0.337,100,124,0.806,111,403,514,386,52,44,168,111,2024
94,Keyonte George,UTA,75,"2,022.6",974,319,815,0.391,147,440,0.334,189,223,0.848,15,196,211,332,36,7,188,91,2024
95,"Gary Trent, Jr.",TOR,71,"1,993.6",974,361,847,0.426,178,453,0.393,74,96,0.771,25,163,188,119,77,10,47,96,2024
96,Caris LeVert,CLE,68,"1,958.1",952,345,820,0.421,108,332,0.325,154,201,0.766,39,241,280,346,76,34,117,121,2024
97,Jalen Suggs,ORL,75,"2,024.6",943,336,714,0.471,153,385,0.397,118,156,0.756,48,181,229,205,106,47,132,205,2024
98,P.J. Washington,DAL,73,"2,220.7",939,354,811,0.436,132,413,0.32,99,145,0.683,85,326,411,141,72,59,96,169,2024
99,Andrew Wiggins,GSW,71,"1,920.4",939,353,780,0.453,91,254,0.358,142,189,0.751,108,213,321,119,42,41,87,147,2024
100,Cole Anthony,ORL,81,"1,817.4",937,332,763,0.435,93,275,0.338,180,218,0.826,64,247,311,236,64,37,126,175,2024
101,Ayo Dosunmu,CHI,76,"2,212.5",924,360,719,0.501,119,295,0.403,85,105,0.81,54,162,216,242,68,36,103,166,2024
102,Rui Hachimura,LAL,68,"1,825.5",923,363,676,0.537,98,232,0.422,99,134,0.739,58,236,294,81,41,25,46,101,2024
103,Dillon Brooks,HOU,72,"2,226.8",915,329,768,0.428,133,370,0.359,124,147,0.844,53,193,246,119,64,10,88,241,2024
104,"Jaime Jaquez, Jr.",MIA,75,"2,113.2",889,341,697,0.489,65,202,0.322,142,175,0.811,82,203,285,195,77,20,110,167,2024
105,Malik Beasley,MIL,79,"2,337.4",889,320,722,0.443,224,542,0.413,25,35,0.714,41,249,290,108,59,9,54,158,2024
106,Aaron Nesmith,IND,72,"1,994.7",877,315,635,0.496,140,334,0.419,107,137,0.781,63,212,275,108,65,49,64,241,2024
107,Duncan Robinson,MIA,68,"1,905.5",875,304,675,0.45,187,473,0.395,80,90,0.889,15,158,173,192,46,16,95,163,2024
108,Mike Conley,MIN,76,"2,193.5",869,294,644,0.457,179,405,0.442,102,112,0.911,37,181,218,449,88,17,102,128,2024
109,Moe Wagner,ORL,80,"1,414.8",868,332,552,0.601,38,115,0.33,166,204,0.814,117,230,347,96,39,21,97,160,2024
110,Scoot Henderson,POR,62,"1,765.4",868,307,797,0.385,87,268,0.325,167,204,0.819,53,141,194,336,48,13,212,195,2024
111,Bojan Bogdanovic,NYK,57,"1,478.1",868,309,681,0.454,133,334,0.398,117,149,0.785,22,130,152,97,30,5,101,95,2024
112,Saddiq Bey,ATL,63,"2,061.7",863,290,697,0.416,113,358,0.316,170,203,0.837,167,244,411,92,51,11,54,88,2024
113,Jeremy Sochan,SAS,74,"2,193.1",861,340,776,0.438,70,227,0.308,111,144,0.771,137,339,476,249,62,40,140,168,2024
114,Jrue Holiday,BOS,69,"2,263.3",860,331,689,0.48,138,322,0.429,60,72,0.833,84,289,373,333,61,53,124,108,2024
115,Luguentz Dort,OKC,79,"2,246.0",860,288,657,0.438,156,396,0.394,128,155,0.826,74,210,284,113,71,47,74,228,2024
116,Bennedict Mathurin,IND,59,"1,538.4",856,296,663,0.446,80,214,0.374,184,224,0.821,60,174,234,119,35,14,97,117,2024
117,Max Strus,CLE,70,"2,239.2",853,304,728,0.418,168,479,0.351,77,97,0.794,66,272,338,283,64,29,112,170,2024
118,Obi Toppin,IND,82,"1,730.6",843,332,579,0.573,102,253,0.403,77,100,0.77,85,235,320,128,47,43,69,143,2024
119,Trey Murphy III,NOP,57,"1,690.3",842,275,621,0.443,169,445,0.38,123,151,0.815,42,238,280,124,51,28,34,70,2024
120,Nicolas Claxton,BRK,71,"2,115.7",841,366,582,0.629,1,5,0.2,108,196,0.551,193,513,706,147,46,146,93,175,2024
121,Jalen Duren,DET,61,"1,777.5",841,349,564,0.619,0,4,0.0,143,181,0.79,192,517,709,147,33,47,129,192,2024
122,Herb Jones,NOP,76,"2,321.5",837,293,588,0.498,114,273,0.418,137,158,0.867,74,198,272,199,105,62,93,224,2024
123,Clint Capela,ATL,73,"1,883.1",836,353,618,0.571,0,1,0.0,130,206,0.631,335,441,776,91,43,106,74,164,2024
124,Reggie Jackson,DEN,82,"1,816.9",833,326,756,0.431,102,284,0.359,79,98,0.806,33,122,155,308,44,13,106,149,2024
125,Jusuf Nurkic,PHX,76,"2,078.1",829,320,627,0.51,22,90,0.244,167,261,0.64,224,613,837,301,81,80,175,254,2024
126,Khris Middleton,MIL,55,"1,487.3",828,317,643,0.493,94,247,0.381,100,120,0.833,40,217,257,292,51,15,127,141,2024
127,Daniel Gafford,DAL,74,"1,814.4",814,348,480,0.725,0,0,0.0,118,175,0.674,195,367,562,115,65,153,74,227,2024
128,Spencer Dinwiddie,LAL,76,"2,152.4",795,251,640,0.392,124,368,0.337,169,210,0.805,30,175,205,356,51,22,91,138,2024
129,Ivica Zubac,LAC,68,"1,794.5",794,337,519,0.649,0,0,0.0,120,166,0.723,196,430,626,93,22,83,79,180,2024
130,Tyus Jones,WAS,66,"1,932.7",790,326,666,0.489,106,256,0.414,32,40,0.8,20,159,179,485,71,18,66,48,2024
131,Payton Pritchard,BOS,82,"1,825.7",787,297,635,0.468,147,382,0.385,46,56,0.821,70,195,265,281,39,6,61,106,2024
132,Evan Mobley,CLE,50,"1,532.4",785,320,552,0.58,22,59,0.373,123,171,0.719,111,357,468,160,45,72,90,134,2024
133,Grant Williams,CHA,76,"2,129.6",784,276,605,0.456,126,336,0.375,106,140,0.757,86,232,318,174,44,39,109,226,2024
134,Zach Collins,SAS,69,"1,525.8",776,298,616,0.484,58,181,0.32,122,162,0.753,118,252,370,194,34,52,132,206,2024
135,Cameron Johnson,BRK,58,"1,599.0",776,276,619,0.446,138,353,0.391,86,109,0.789,55,196,251,138,49,15,57,105,2024
136,Tre Jones,SAS,77,"2,138.2",771,303,600,0.505,64,191,0.335,101,118,0.856,58,231,289,478,78,9,116,92,2024
137,Georges Niang,CLE,82,"1,831.2",768,284,632,0.449,149,396,0.376,51,60,0.85,22,256,278,98,30,18,72,192,2024
138,Kentavious Caldwell-Pope,DEN,76,"2,401.8",766,270,587,0.46,125,308,0.406,101,113,0.894,31,152,183,183,98,42,75,151,2024
139,Kelly Olynyk,TOR,78,"1,758.8",762,276,497,0.555,60,155,0.387,150,180,0.833,108,303,411,347,74,30,152,230,2024
140,Josh Hart,NYK,81,"2,706.8",761,295,679,0.434,80,258,0.31,91,115,0.791,128,547,675,331,75,23,118,171,2024
141,Jaden McDaniels,MIN,72,"2,105.5",757,307,628,0.489,86,255,0.337,57,79,0.722,56,168,224,101,63,42,87,219,2024
142,Russell Westbrook,LAC,68,"1,528.8",754,301,663,0.454,42,154,0.273,110,160,0.688,93,250,343,306,74,23,144,121,2024
143,Eric Gordon,PHX,68,"1,892.7",749,274,618,0.443,150,397,0.378,51,64,0.797,16,106,122,139,66,30,73,79,2024
144,OG Anunoby,NYK,50,"1,702.1",733,282,577,0.489,102,267,0.382,67,89,0.753,47,161,208,107,68,36,81,119,2024
145,T.J. McConnell,IND,71,"1,291.0",727,330,593,0.556,18,44,0.409,49,62,0.79,36,155,191,390,72,8,108,79,2024
146,"Bruce Brown, Jr.",TOR,67,"1,865.4",726,278,582,0.478,53,164,0.323,117,142,0.824,53,231,284,192,59,17,86,148,2024
147,Alex Caruso,CHI,71,"2,040.4",715,253,541,0.468,136,333,0.408,73,96,0.76,62,211,273,247,120,70,102,181,2024
148,Sam Hauser,BOS,79,"1,740.6",712,249,558,0.446,197,465,0.424,17,19,0.895,45,231,276,82,40,25,32,99,2024
149,Taurean Prince,LAL,78,"2,107.6",697,253,572,0.442,141,356,0.396,50,68,0.735,21,209,230,119,58,35,73,146,2024
150,Simone Fontecchio,DET,66,"1,643.9",692,252,548,0.46,134,334,0.401,54,66,0.818,64,182,246,101,44,23,68,110,2024
151,Malaki Branham,SAS,75,"1,594.3",690,271,628,0.432,93,268,0.347,55,63,0.873,28,120,148,156,27,8,91,94,2024
152,Alec Burks,NYK,66,"1,211.6",689,210,569,0.369,124,330,0.376,145,167,0.868,24,126,150,88,28,12,48,75,2024
153,Brandin Podziemski,GSW,74,"1,968.3",682,271,597,0.454,90,234,0.385,50,79,0.633,118,309,427,273,61,14,88,122,2024
154,Andre Drummond,CHI,79,"1,351.3",663,267,480,0.556,0,3,0.0,129,218,0.592,265,443,708,37,73,48,81,140,2024
155,Terance Mann,LAC,75,"1,872.9",658,254,493,0.515,71,204,0.348,79,95,0.832,87,167,254,119,43,15,48,145,2024
156,Derrick Jones,DAL,76,"1,782.9",657,239,495,0.483,82,239,0.343,97,136,0.713,82,168,250,75,53,51,65,121,2024
157,Nickeil Alexander-Walker,MIN,82,"1,921.0",655,236,538,0.439,131,335,0.391,52,65,0.8,35,132,167,204,64,42,76,143,2024
158,Kevin Huerter,SAC,64,"1,562.2",655,248,560,0.443,123,341,0.361,36,47,0.766,38,186,224,166,45,23,53,135,2024
159,Santi Aldama,MEM,61,"1,618.1",654,247,568,0.435,106,304,0.349,54,87,0.621,72,280,352,138,43,54,69,89,2024
160,Nick Richards,CHA,67,"1,758.7",652,260,376,0.691,0,1,0.0,132,179,0.737,172,367,539,54,26,74,73,176,2024
161,Isaac Okoro,CLE,69,"1,887.1",647,235,480,0.49,84,215,0.391,93,137,0.679,67,139,206,132,57,34,54,140,2024
162,Caleb Martin,MIA,64,"1,756.6",640,241,559,0.431,81,232,0.349,77,99,0.778,74,207,281,143,47,29,77,126,2024
163,Jabari Walker,POR,72,"1,700.6",638,234,509,0.46,41,139,0.295,129,171,0.754,151,357,508,71,42,22,66,173,2024
164,Isaiah Joe,OKC,78,"1,444.9",636,222,485,0.458,147,353,0.416,45,52,0.865,32,148,180,99,46,22,47,87,2024
165,Andrew Nembhard,IND,68,"1,696.7",626,260,522,0.498,61,171,0.357,45,56,0.804,36,105,141,280,63,6,101,143,2024
166,Duop Reath,POR,68,"1,214.1",617,230,499,0.461,88,245,0.359,69,93,0.742,93,157,250,67,33,38,52,161,2024
167,Royce O'Neale,PHX,79,"1,954.3",608,214,539,0.397,156,422,0.37,24,35,0.686,60,317,377,219,59,44,73,174,2024
168,"Wendell Carter, Jr.",ORL,55,"1,406.3",603,223,425,0.525,64,171,0.374,93,134,0.694,112,269,381,95,35,28,68,121,2024
169,Jalen Smith,IND,61,"1,046.6",601,234,395,0.592,61,144,0.424,72,104,0.692,112,225,337,63,17,38,44,124,2024
170,"Paul Reed, Jr.",PHI,82,"1,589.5",600,259,480,0.54,21,57,0.368,61,85,0.718,193,295,488,109,67,84,67,198,2024
171,Christian Braun,DEN,82,"1,655.6",600,222,483,0.46,63,164,0.384,93,134,0.694,79,227,306,132,42,35,55,137,2024
172,Amen Thompson,HOU,62,"1,388.6",592,239,446,0.536,8,58,0.138,106,155,0.684,148,261,409,163,78,38,90,141,2024
173,Marcus Sasser,DET,71,"1,351.1",586,219,512,0.428,90,240,0.375,58,66,0.879,11,114,125,236,44,12,90,103,2024
174,Isaiah Hartenstein,NYK,75,"1,896.4",582,235,365,0.644,1,3,0.333,111,157,0.707,244,382,626,188,87,85,93,210,2024
175,Dorian Finney-Smith,BRK,68,"1,934.6",580,215,511,0.421,117,336,0.348,33,46,0.717,109,208,317,107,56,38,59,150,2024
176,Cameron Payne,PHI,78,"1,304.1",578,208,481,0.432,104,267,0.39,58,67,0.866,21,96,117,205,42,11,66,126,2024
177,Precious Achiuwa,NYK,74,"1,623.7",565,235,469,0.501,26,97,0.268,69,112,0.616,191,296,487,97,46,68,83,143,2024
178,Lonnie Walker,BRK,58,"1,011.2",565,208,492,0.423,104,271,0.384,45,59,0.763,13,114,127,74,32,20,51,71,2024
179,Al Horford,BOS,65,"1,739.8",562,214,419,0.511,108,258,0.419,26,30,0.867,82,331,413,168,38,62,48,93,2024
180,Miles McBride,NYK,68,"1,327.7",562,205,454,0.452,109,266,0.41,43,50,0.86,31,69,100,114,50,7,30,108,2024
181,Cason Wallace,OKC,82,"1,691.9",561,217,442,0.491,98,234,0.419,29,37,0.784,52,135,187,120,76,37,45,129,2024
182,Ausar Thompson,DET,63,"1,582.9",556,232,480,0.483,21,113,0.186,71,119,0.597,129,273,402,120,68,59,84,175,2024
183,Aaron Wiggins,OKC,78,"1,228.0",542,212,377,0.562,62,126,0.492,56,71,0.789,60,126,186,86,56,19,56,91,2024
184,Trayce Jackson-Davis,GSW,68,"1,130.5",540,233,332,0.702,0,1,0.0,74,132,0.561,135,206,341,82,29,76,49,108,2024
185,Chris Paul,GSW,58,"1,530.9",533,206,467,0.441,78,210,0.371,43,52,0.827,18,207,225,393,70,6,76,108,2024
186,Moses Moody,GSW,66,"1,155.9",533,194,420,0.462,72,200,0.36,73,93,0.785,65,131,196,57,42,24,44,90,2024
187,Peyton Watson,DEN,80,"1,487.9",532,208,447,0.465,45,152,0.296,71,106,0.67,56,202,258,86,42,88,58,143,2024
188,Bilal Coulibaly,WAS,63,"1,715.2",532,188,432,0.435,64,185,0.346,92,131,0.702,56,200,256,110,57,48,87,137,2024
189,Jaden Hardy,DAL,73,989.2,530,195,479,0.407,81,224,0.362,59,76,0.776,20,111,131,109,22,4,62,80,2024
190,Toumani Camara,POR,70,"1,739.4",527,197,438,0.45,58,172,0.337,75,99,0.758,139,204,343,87,66,33,84,174,2024
191,Jordan Hawkins,NOP,67,"1,160.6",524,174,456,0.382,109,298,0.366,67,80,0.838,29,119,148,70,19,7,40,72,2024
192,Walker Kessler,UTA,64,"1,493.1",518,229,350,0.654,4,19,0.211,56,93,0.602,165,316,481,60,30,154,66,132,2024
193,Dario Saric,GSW,64,"1,097.8",515,181,388,0.466,74,197,0.376,79,93,0.849,73,210,283,144,31,10,78,112,2024
194,Aaron Holiday,HOU,78,"1,269.3",514,186,417,0.446,84,217,0.387,58,63,0.921,23,100,123,140,42,6,53,125,2024
195,Gradey Dick,TOR,60,"1,267.7",510,189,445,0.425,88,241,0.365,44,51,0.863,27,105,132,68,34,2,50,87,2024
196,Jeff Green,HOU,78,"1,307.4",509,167,366,0.456,53,160,0.331,122,149,0.819,46,132,178,70,16,31,46,100,2024
197,Kyle Anderson,MIN,79,"1,781.9",506,199,433,0.46,11,48,0.229,97,137,0.708,60,213,273,331,71,47,91,128,2024
198,Julian Champagnie,SAS,74,"1,467.9",504,164,402,0.408,101,277,0.365,75,92,0.815,42,164,206,103,48,42,57,77,2024
199,Gordon Hayward,OKC,51,"1,245.3",500,187,403,0.464,37,90,0.411,89,120,0.742,38,143,181,158,40,13,66,67,2024
200,Cedi Osman,SAS,72,"1,268.8",489,184,384,0.479,86,221,0.389,35,52,0.673,25,155,180,119,36,11,47,107,2024
201,Kyle Lowry,PHI,60,"1,689.8",487,163,377,0.432,98,250,0.392,63,75,0.84,34,160,194,253,59,21,85,146,2024
202,Kevin Love,MIA,55,924.3,485,158,359,0.44,84,244,0.344,85,108,0.787,59,279,338,115,18,10,48,97,2024
203,Sam Merrill,CLE,61,"1,068.9",485,158,393,0.402,143,354,0.404,26,28,0.929,22,98,120,108,19,4,19,72,2024
204,Dereck Lively II,DAL,55,"1,294.3",483,221,296,0.747,0,2,0.0,41,81,0.506,135,243,378,60,36,77,50,144,2024
205,Josh Green,DAL,57,"1,504.7",469,179,374,0.479,72,187,0.385,39,57,0.684,40,144,184,130,47,9,60,107,2024
206,Naji Marshall,NOP,66,"1,257.1",466,170,367,0.463,58,150,0.387,68,86,0.791,53,187,240,128,49,12,65,91,2024
207,Amir Coffey,LAC,70,"1,460.6",463,166,352,0.472,70,184,0.38,61,71,0.859,29,119,148,76,41,14,33,102,2024
208,Ochai Agbaji,TOR,78,"1,641.6",455,178,433,0.411,62,211,0.294,37,56,0.661,74,142,216,83,47,44,64,117,2024
209,Patrick Beverley,MIL,73,"1,462.5",451,158,379,0.417,61,181,0.337,74,90,0.822,49,190,239,212,43,31,65,128,2024
210,James Wiseman,DET,63,"1,091.0",446,187,305,0.613,0,2,0.0,72,102,0.706,110,226,336,54,12,39,66,141,2024
211,Trendon Watford,BRK,63,856.5,432,164,311,0.527,27,68,0.397,77,97,0.794,52,142,194,81,23,19,63,106,2024
212,Pat Connaughton,MIL,76,"1,676.3",428,151,347,0.435,82,238,0.345,44,58,0.759,51,188,239,161,40,19,49,99,2024
213,Dante Exum,DAL,55,"1,087.7",428,161,302,0.533,53,108,0.491,53,68,0.779,25,124,149,157,22,5,49,85,2024
214,David Roddy,PHX,65,"1,177.0",425,165,409,0.403,48,164,0.293,47,68,0.691,53,158,211,80,27,11,57,72,2024
215,Vasilije Micic,CHA,60,"1,175.7",422,159,370,0.43,43,154,0.279,61,75,0.813,14,74,88,262,31,7,99,68,2024
216,Trey Lyles,SAC,58,"1,158.2",419,143,321,0.445,84,219,0.384,49,70,0.7,61,196,257,72,17,19,38,86,2024
217,Day'Ron Sharpe,BRK,61,920.6,415,168,294,0.571,4,15,0.267,75,123,0.61,161,228,389,85,24,44,70,131,2024
218,Haywood Highsmith,MIA,66,"1,365.9",405,153,329,0.465,76,192,0.396,23,36,0.639,65,145,210,70,53,30,34,117,2024
219,Jose Alvarado,NOP,56,"1,028.4",397,142,345,0.412,78,207,0.377,35,52,0.673,25,103,128,117,59,15,40,89,2024
220,Jonathan Isaac,ORL,58,914.6,393,146,286,0.51,42,112,0.375,59,82,0.72,73,187,260,30,43,70,27,64,2024
221,Isaiah Jackson,IND,60,770.9,383,155,233,0.665,0,4,0.0,73,102,0.716,94,144,238,50,34,61,39,137,2024
222,Malachi Flynn,DET,69,876.9,380,136,325,0.418,56,169,0.331,52,71,0.732,21,93,114,130,38,8,63,66,2024
223,Drew Eubanks,PHX,75,"1,168.8",379,152,253,0.601,3,3,1.0,72,93,0.774,103,219,322,63,27,61,61,115,2024
224,Davion Mitchell,SAC,72,"1,101.1",379,146,323,0.452,57,158,0.361,30,42,0.714,19,76,95,134,17,3,43,85,2024
225,Daniel Theis,LAC,60,"1,014.9",376,156,293,0.532,26,71,0.366,38,50,0.76,85,159,244,61,21,51,42,127,2024
226,Kris Murray,POR,62,"1,348.3",376,145,366,0.396,49,183,0.268,37,56,0.661,85,139,224,80,53,21,55,92,2024
227,Gary Harris,ORL,54,"1,297.4",372,131,297,0.441,76,205,0.371,34,45,0.756,24,67,91,87,49,14,31,91,2024
228,Kris Dunn,UTA,66,"1,249.2",357,147,313,0.47,41,111,0.369,22,32,0.688,50,139,189,254,68,28,79,135,2024
229,Jevon Carter,CHI,72,"1,003.6",357,138,365,0.378,77,234,0.329,4,7,0.571,11,49,60,94,37,16,36,71,2024
230,Dyson Daniels,NOP,61,"1,358.6",354,139,311,0.447,42,135,0.311,34,53,0.642,62,174,236,164,85,25,59,101,2024
231,Matisse Thybulle,POR,65,"1,487.4",354,126,317,0.397,80,231,0.346,22,29,0.759,30,106,136,90,113,49,40,93,2024
232,Doug McDermott,IND,64,904.5,351,123,284,0.433,94,229,0.41,11,19,0.579,10,49,59,70,16,2,28,64,2024
233,"Larry Nance, Jr.",NOP,61,"1,216.2",350,138,241,0.573,27,65,0.415,47,61,0.77,94,213,307,113,61,19,49,98,2024
234,Kevon Looney,GSW,74,"1,194.5",334,139,233,0.597,0,1,0.0,56,83,0.675,143,276,419,133,28,29,50,155,2024
235,Luke Kornet,BOS,63,983.3,334,142,203,0.7,1,1,1.0,49,54,0.907,118,143,261,67,23,61,21,77,2024
236,Kenrich Williams,OKC,69,"1,029.0",325,131,280,0.468,56,141,0.397,7,14,0.5,61,148,209,93,38,9,32,101,2024
237,Garrison Mathews,ATL,66,992.1,325,103,226,0.456,85,193,0.44,34,42,0.81,17,75,92,37,20,8,19,115,2024
238,Nicolas Batum,PHI,60,"1,529.6",320,116,256,0.453,73,185,0.395,15,21,0.714,70,178,248,128,48,38,40,109,2024
239,Anthony Black,ORL,69,"1,164.2",316,115,247,0.466,37,94,0.394,49,80,0.613,33,106,139,91,35,21,56,110,2024
240,Marcus Morris,CLE,49,817.0,316,116,264,0.439,48,119,0.403,36,44,0.818,23,111,134,36,15,13,30,74,2024
241,Goga Bitadze,ORL,62,957.1,311,126,209,0.603,2,14,0.143,57,87,0.655,109,177,286,79,32,72,44,107,2024
242,Jaxson Hayes,LAL,70,877.2,303,126,175,0.72,0,8,0.0,51,82,0.622,69,142,211,33,34,29,43,123,2024
243,Bryce McGowens,CHA,59,881.6,302,101,230,0.439,34,102,0.333,66,85,0.776,17,85,102,51,21,10,30,74,2024
244,Joe Ingles,ORL,68,"1,169.1",296,99,227,0.436,70,161,0.435,28,34,0.824,18,124,142,203,43,5,67,88,2024
245,"Xavier Tillman, Sr.",BOS,54,974.6,284,121,279,0.434,20,81,0.247,22,50,0.44,70,141,211,77,51,44,34,75,2024
246,Max Christie,LAL,67,944.3,284,103,241,0.427,42,118,0.356,36,46,0.783,15,127,142,60,20,17,35,57,2024
247,Josh Okogie,PHX,60,959.7,277,86,206,0.417,29,94,0.309,76,102,0.745,74,80,154,64,48,24,36,68,2024
248,Jaylin Williams,OKC,69,897.0,276,95,228,0.417,53,144,0.368,33,41,0.805,36,198,234,110,28,27,34,98,2024
249,Blake Wesley,SAS,61,875.9,268,102,215,0.474,12,55,0.218,52,78,0.667,18,76,94,166,29,9,55,89,2024
250,Jae'sean Tate,HOU,65,"1,031.4",265,108,229,0.472,23,77,0.299,26,39,0.667,61,136,197,64,42,15,37,137,2024
251,Caleb Houstan,ORL,59,815.4,253,80,206,0.388,72,193,0.373,21,26,0.808,28,56,84,29,15,4,16,61,2024
252,Ben Sheppard,IND,57,814.3,252,90,229,0.393,49,156,0.314,23,26,0.885,15,74,89,53,33,2,15,88,2024
253,A.J. Green,MIL,56,614.3,252,83,196,0.423,69,169,0.408,17,19,0.895,9,55,64,30,9,4,12,49,2024
254,"Troy Brown, Jr.",DET,59,826.5,247,84,226,0.372,47,141,0.333,32,37,0.865,25,119,144,60,24,3,30,42,2024
255,Justin Holiday,DEN,58,862.0,234,88,194,0.454,55,136,0.404,3,4,0.75,9,62,71,67,36,9,14,69,2024
256,Chris Duarte,SAC,59,719.6,230,80,210,0.381,44,127,0.346,26,33,0.788,26,80,106,44,28,8,26,80,2024
257,K.J. Martin,PHI,60,746.5,224,97,181,0.536,8,28,0.286,22,41,0.537,41,90,131,51,22,12,32,100,2024
258,Dwight Powell,DAL,63,836.3,208,72,106,0.679,1,3,0.333,63,89,0.708,97,117,214,84,26,20,32,113,2024
259,Oshae Brissett,BOS,55,630.2,201,68,153,0.444,15,55,0.273,50,83,0.602,61,99,160,44,19,8,20,54,2024
260,J.T. Thor,CHA,63,780.6,199,80,183,0.437,28,81,0.346,11,20,0.55,43,103,146,29,11,27,15,60,2024
261,Jordan McLaughlin,MIN,56,626.2,195,70,145,0.483,42,89,0.472,13,18,0.722,18,54,72,110,35,7,19,31,2024
262,Zeke Nnaji,DEN,58,576.2,186,69,149,0.463,6,23,0.261,42,62,0.677,61,65,126,32,15,38,27,81,2024
263,Dalen Terry,CHI,59,680.7,180,69,157,0.439,17,74,0.23,25,43,0.581,29,84,113,81,27,18,32,81,2024
264,Tristan Thompson,CLE,49,548.9,161,73,120,0.608,0,1,0.0,15,52,0.288,73,101,174,51,12,14,29,59,2024
265,"Andre Jackson, Jr.",MIL,57,572.4,125,50,100,0.5,17,46,0.37,8,11,0.727,43,70,113,50,16,6,28,92,2024
